"nr","label"
"1","Thing"
"10","sheeny"
"100","meaningfulness refulgence"
"101","sharpies amazing"
"102","factotum"
"103","decompensates antidepressant undisputed"
"104","girthed airmails kanas"
"105","tetherball plena sieurs"
"106","obviating griefs"
"107","devolutive priceless picadors"
"108","senselessly bitterly"
"109","perceptively patricides"
"11","playacted"
"110","luridly"
"111","innocenter paperboys"
"112","markups manuevered"
"113","munches hardener"
"114","alpinism"
"115","situational"
"116","ivied"
"117","sailcloth fameless gustatory"
"118","masticatory oink"
"119","discontinuations"
"12","linguini repossession energize"
"120","brains favoring"
"121","peered"
"122","givens vedanta"
"123","nubbins bloodsucking purloiners"
"124","passageways moratoriums"
"125","prestigiously cummers"
"126","demounts upwardly"
"127","showiest thorned"
"128","sizzlers alveolate"
"129","kaftans tangram"
"13","chaplets unharmful frizettes"
"130","upsilons aureolas"
"131","plaice"
"132","perambulate"
"133","yukking quaintness imbricate"
"134","vapourers chainmen"
"135","pieing"
"136","mesonic"
"137","aphrodisia"
"138","climbers rappelling frequency"
"139","toggles"
"14","dyspeptics indubitably"
"140","containments"
"141","refastens dentins agates"
"142","cleansers accelerative stepparents"
"143","submental"
"144","unduly betted"
"145","winterers"
"146","discourages strutted warbles"
"147","missal"
"148","ophthalmoscopes awed"
"149","argentum"
"15","redrafted tarting"
"150","mobcaps antepast"
"151","heavily apocalyptical salvable"
"152","biographies yodeller abstractness"
"153","coving reabandons"
"154","rotifers"
"155","demagnetize guessing maxillae"
"156","bootstraps vies lightest"
"157","subcivilizations queerest stroboscopes"
"158","churchlier electromagnetical"
"159","overachiever entoiling"
"16","engulfing"
"160","pleasantries steamering"
"161","nouveaux"
"162","nonparliamentary loaches"
"163","sciences daunter amu"
"164","egos"
"165","espanoles gadgeteers glaceed"
"166","noninductive"
"167","daylighted dognapping"
"168","noodles nourishes"
"169","abortionist seppukus"
"17","daftly volute outvoted"
"170","harangues"
"171","orthoepist brats searing"
"172","nonplusing"
"173","smokepot wittily misrepresentations"
"174","convection"
"175","matrilinearly scrabbler stimulatingly"
"176","forkedly wheelman cedes"
"177","unmelodious coppering uraniums"
"178","transplanted chromiums"
"179","graciousness"
"18","reglued renovators"
"180","flunkeys knave dregs"
"181","feminists"
"182","cypriote"
"183","homerooms mountebanks"
"184","kneading hellholes"
"185","thanking worshippers bespattered"
"186","penknives"
"187","reabandoned vitalities resettled"
"188","silkier parve lymphocytes"
