"nr","label","country"
"1","spiry","GB"
"10","climatologist aglare spiritually","RU"
"100","rareness gangliate championships","RU"
"101","bookkeepers","ES"
"102","lobbed swivels","US"
"103","reptiles","AT"
"104","grottos scalping","KR"
"105","kilovolts","JP"
"106","prosthetist listens","KR"
"107","commix basifier snoutier","US"
"108","ripples collimation","DE"
"109","caracols underspends abandoner","JP"
"11","filagrees magnolias miscognizant","GB"
"110","cuscus crenate anodynic","GB"
"111","ringnecks magically carousing","JP"
"112","twiny","JP"
"113","requesters nonowner","JP"
"114","enlightener","GB"
"115","illustration","US"
"116","entrees nonbeliever seatwork","GB"
"117","procedures rakeoffs shallows","JP"
"118","maddish horsewhipped handcuffed","RU"
"119","conforming unascertainable nonpossession","US"
"12","alleviative drinker","US"
"120","liquate","FR"
"121","antidotes taxidermist electorates","US"
"122","unconvincingly photojournalism","CN"
"123","precipiced","US"
"124","interventionist obliger","US"
"125","dihedrals castrator proletariate","US"
"126","ladling reharden hiker","GB"
"127","nonmilitantly","RU"
"128","lupines cloverleaf assimilative","US"
"129","divisibility spick bantamweight","DE"
"13","surprized pedes remarks","GB"
"130","recruiting skippers","FR"
"131","fledgy","US"
"132","jejunely chessmen","RU"
"133","gangsters","US"
"134","loran incitants","DE"
"135","interdicts indexation swages","US"
"136","yokes lorans","ES"
"137","missals","US"
"138","wealthiest","DE"
"139","pervading joie democratizing","DE"
"14","ugli prediction abundance","GB"
"140","flounders outlie clew","US"
"141","mollifies damascened interdictor","FR"
"142","millage recurving","JP"
"143","mopers","DE"
"144","dims","US"
"145","jongleurs thermoplastics unoppressed","US"
"146","primeros grains awaits","GB"
"147","redetermine afters adumbratively","US"
"148","boogies jupe","CN"
"149","hooklets","ES"
"15","bolas lustering","JP"
"150","coarsening unorthodoxly valuableness","CN"
"151","demolishes ebonizing","US"
"152","royalties ashing carriageable","CN"
"153","carpetbaggers preventively","US"
"154","venomer famishes","US"
"155","touter","JP"
"156","revenuers","DE"
"157","shunner nebraskans","KR"
"158","stingers executers dwells","US"
"159","infuriatingly wholes travelable","JP"
"16","sectored zingers","FR"
"160","bioluminescence repressor","US"
"161","hasps","GB"
"162","aborted","JP"
"163","caraways","US"
"164","argued","ES"
"165","tetrapods uneated","US"
"166","documenters plantar","RU"
"167","hormonic","US"
"168","hatcheling","US"
"169","kathartic","JP"
"17","sleeplessness pianofortes","US"
"170","decamps munster","CN"
"171","wearer upchucked","KR"
"172","beaded benighted","US"
"173","charioteer fashioning","FR"
"174","innovated","CN"
"175","snatches arteriocapillary","US"
"176","syllables umping flans","KR"
"177","parmesan","US"
"178","adders tanking chayotes","AT"
"179","symbolical paternity","CN"
"18","propagator toastiest","GB"
"180","unuttered minimalist tennesseans","US"
"181","grainier conelrad writhingly","AT"
"182","montaging splenectomizing","DE"
"183","pooped balkiness","DE"
"184","knucklehead","US"
"185","eddied geometric seemed","DE"
"186","rethought pacified lowdowns","US"
"187","vasectomize corrugating","RU"
"188","housecleaning","ES"
