"stop_id","stop_desc","stop_lat","stop_lon","location_type","wheelchair_boarding"
"acc_4_100_271","Avda de los Poblados 41","40.38582","-3.76105","2","0"
"acc_4_100_272","Calle de Maqueda SN","40.38597","-3.76088","2","0"
"acc_4_100_273","Avda de los Poblados 41","40.38576","-3.7612","2","0"
"acc_4_100_274","Calle de Maqueda SN","40.38595","-3.76085","2","0"
"acc_4_100_275","Avda de los Poblados 41","40.38538","-3.76067","2","0"
"acc_4_100_276","Calle de Valmojado SN","40.3853","-3.76043","2","0"
"acc_4_100_277","Calle de Valmojado 293","40.38546","-3.76043","2","0"
"acc_4_101_278","Calle de Padre Piquer 37","40.39085","-3.76591","2","0"
"acc_4_102_279","Avda del Padre Piquer 8","40.39445","-3.76827","2","0"
"acc_4_102_280","Avda del Padre Piquer 7","40.39469","-3.7681","2","0"
"acc_4_103_281","Ctra del Zoo SN","40.40318","-3.7609","2","0"
"acc_4_103_282","Ctra del Zoo SN","40.40331","-3.76103","2","0"
"acc_4_104_1029","Calle de Cuart de Poblet 1 B","40.39918","-3.74464","2","0"
"acc_4_104_1030","Calle de Cuart de Poblet 1 B","40.39915","-3.74463","2","0"
"acc_4_104_1031","Calle de Cuart de Poblet 1 B","40.39913","-3.74463","2","0"
"acc_4_104_284","Calle de la Alhambra 56","40.39917","-3.74454","2","0"
"acc_4_104_285","Calle de la Alhambra 33","40.39903","-3.74422","2","0"
"acc_4_105_1033","Calle  Vía Carpetana 141","40.39278","-3.74097","2","0"
"acc_4_105_1035","Calle  Vía Carpetana 139","40.39332","-3.74058","2","0"
"acc_4_105_1036","Calle  Vía Carpetana 139","40.39322","-3.74069","2","0"
"acc_4_105_286","Calle  Vía Carpetana 306","40.39277","-3.74134","2","0"
"acc_4_107_287","Calle de Portalegre 98","40.38635","-3.72348","2","0"
"acc_4_107_288","Calle de Portalegre 73","40.38584","-3.72337","2","0"
"acc_4_108_289","Avda de Oporto 4","40.38529","-3.71853","2","0"
"acc_4_108_290","Plaza de Fernández Ladreda 5","40.38561","-3.71776","2","0"
"acc_4_108_291","Plaza de Fernández Ladreda 5","40.38537","-3.71815","2","0"
"acc_4_108_292","Calle de Marcelo Usera 170","40.38529","-3.71618","2","0"
"acc_4_108_293","Plaza de Fernández Ladreda 2","40.38512","-3.71672","2","0"
"acc_4_108_800","Calle  Vía Lusitana 2","40.38448","-3.71823","2","0"
"acc_4_109_294","Calle de Amparo Usera 46","40.38703","-3.70663","2","0"
"acc_4_109_295","Calle de Mirasierra 41","40.38822","-3.70374","2","0"
"acc_4_109_806","Plaza de Amparo Usera  1","40.38701","-3.7068","2","0"
"acc_4_10_34","Calle de Barceló 2","40.42628","-3.70082","2","0"
"acc_4_10_35","Calle de Fuencarral 78","40.4262","-3.70103","2","0"
"acc_4_10_36","Calle de Fuencarral 81","40.42569","-3.70111","2","0"
"acc_4_111_296","Calle de Mendez Álvaro 73","40.39611","-3.6806","2","0"
"acc_4_111_297","Calle de Méndez Álvaro 64 C","40.39594","-3.68087","2","0"
"acc_4_111_299","Calle de Pedro Bosch SN","40.39629","-3.67882","2","0"
"acc_4_111_595","Calle de Pedro Bosch SN","40.39571","-3.67974","2","0"
"acc_4_111_596","Calle del Ombu 20","40.39418","-3.67749","2","0"
"acc_4_113_301","Calle del Doctor Esquerdo 175","40.40707","-3.66999","2","0"
"acc_4_113_302","Plaza del Conde de Casal 2","40.40702","-3.67068","2","0"
"acc_4_113_303","Calle del Doctor Esquerdo 159","40.40868","-3.6698","2","0"
"acc_4_113_304","Calle del Doctor Esquerdo 114","40.4087","-3.67022","2","0"
"acc_4_113_801","Plaza del Conde de Casal 2","40.40701","-3.67071","2","0"
"acc_4_114_1038","Calle del Doctor Esquerdo 68","40.41461","-3.66974","2","0"
"acc_4_114_1039","Calle del Doctor Esquerdo 68","40.41457","-3.66974","2","0"
"acc_4_114_305","Calle del Doctor Esquerdo 62","40.41548","-3.66966","2","0"
"acc_4_114_306","Calle de Doctor Esquerdo 103","40.4154","-3.66928","2","0"
"acc_4_114_307","Calle del Doctor Esquerdo 107","40.41469","-3.66929","2","0"
"acc_4_114_308","Calle del Doctor Esquerdo 66","40.41479","-3.66973","2","0"
"acc_4_115_309","Calle del Doctor Esquerdo 42","40.4215","-3.66917","2","0"
"acc_4_115_310","Calle del Doctor Esquerdo 36","40.42266","-3.6691","2","0"
"acc_4_115_311","Calle del Doctor Esquerdo 34","40.42321","-3.66905","2","0"
"acc_4_115_312","Calle del Doctor Esquerdo 49","40.42282","-3.66859","2","0"
"acc_4_119_313","Plaza de la República Argentina 8","40.44495","-3.68488","2","0"
"acc_4_119_314","Calle de Joaquín Costa 41","40.44369","-3.6837","2","0"
"acc_4_119_315","Calle de Joaquín Costa 26","40.44336","-3.68394","2","0"
"acc_4_119_316","Calle de Juan de la Cierva SN","40.4432","-3.68344","2","0"
"acc_4_11_37","Calle  Gran Vía 21","40.41991","-3.7013","2","0"
"acc_4_11_38","Calle  Gran Vía 23","40.41992","-3.70183","2","0"
"acc_4_11_39","Calle  Gran vía 28","40.42013","-3.70181","2","0"
"acc_4_11_40","Calle de la Montera 44","40.41951","-3.70167","2","0"
"acc_4_120_317","Calle de Orense 3","40.44707","-3.69538","2","0"
"acc_4_120_318","Calle de Agustín de Betancourt 25","40.4461","-3.69524","2","0"
"acc_4_120_319","Paseo de la Castellana 71","40.44695","-3.69314","2","0"
"acc_4_120_320","Calle de Raimundo Fernández Villaverde 67","40.44658","-3.69243","2","0"
"acc_4_120_321","Calle de Raimundo Fernandez Villaverde 67","40.44658","-3.69301","2","0"
"acc_4_120_322","Calle de Raimundo Fernandez Villaverde 67","40.44656","-3.69301","2","0"
"acc_4_120_395","Paseo de la Castellana 67","40.44592","-3.6917","2","0"
"acc_4_120_396","Paseo de la Castellana 110","40.44583","-3.69073","2","0"
"acc_4_120_397","Paseo de la Castellana 69","40.44662","-3.69153","2","0"
"acc_4_120_398","Paseo de la Castellana 100","40.44437","-3.69094","2","0"
"acc_4_120_399","Paseo de la Castellana 69","40.44657","-3.69218","2","0"
"acc_4_120_403","Paseo de la Castellana 67","40.44483","-3.69175","2","0"
"acc_4_120_404","Paseo de la Castellana 69","40.44652","-3.69155","2","0"
"acc_4_120_405","Paseo de la Castellana 100","40.44457","-3.69091","2","0"
"acc_4_120_406","Calle de Raimundo Fernández Villaverde 67","40.44657","-3.6921","2","0"
"acc_4_120_603","Calle de Raimundo Fernández Villaverde 67","40.44658","-3.6925","2","0"
"acc_4_120_605","Calle de Raimundo Fernández Villaverde 67","40.44624","-3.69368","2","0"
"acc_4_120_606","Calle de Raimundo Fernández Villaverde 67","40.4463","-3.69368","2","0"
"acc_4_120_607","Calle de Raimundo Fernández Villaverde 67","40.44619","-3.69371","2","0"
"acc_4_120_608","Paseo de la Castellana 67","40.44517","-3.69199","2","0"
"acc_4_120_609","Paseo de la Castellana 67","40.44505","-3.692","2","0"
"acc_4_122_323","Calle del General Rodrigo 17","40.4457","-3.71401","2","0"
"acc_4_122_324","Avda de la Reina Victoria 55","40.44598","-3.71321","2","0"
"acc_4_122_325","Avda de la Reina Victoria 55","40.44589","-3.71366","2","0"
"acc_4_122_326","Calle de la Reina Victoria 32","40.44707","-3.71023","2","0"
"acc_4_122_327","Calle de la Reina Victoria 30","40.44717","-3.70979","2","0"
"acc_4_123_328","Avda de Gregorio del Amo 8","40.44619","-3.72003","2","0"
"acc_4_123_329","Avda de la Moncloa 15","40.44664","-3.71787","2","0"
"acc_4_124_330","Plaza de Ramón y Cajal 1","40.44359","-3.72658","2","0"
"acc_4_124_331","Plaza de Ramón y Cajal 1","40.44356","-3.72697","2","0"
"acc_4_124_332","Plaza de Ramón y Cajal 1","40.44363","-3.72687","2","0"
"acc_4_127_1052","Paseo de la Florida 2","40.42086","-3.72037","2","0"
"acc_4_127_333","Paseo del Rey 12","40.42141","-3.71859","2","0"
"acc_4_127_334","Paseo de la Florida 2","40.42093","-3.72045","2","0"
"acc_4_127_336","Paseo del Rey 14","40.42153","-3.71873","2","0"
"acc_4_127_610","Custa de San Vicente 40","40.42055","-3.71968","2","0"
"acc_4_127_612","Custa de San Vicente 40","40.42084","-3.71892","2","0"
"acc_4_127_613","Gta de San Vicente 1","40.42081","-3.72012","2","0"
"acc_4_127_614","Paseo de la Florida 5","40.42137","-3.72104","2","0"
"acc_4_128_339","Plaza de Santa Cristina 2","40.41423","-3.72728","2","0"
"acc_4_128_340","Calle de Caramuel 1","40.41368","-3.72706","2","0"
"acc_4_129_341","Paseo de Extremadura 158","40.40992","-3.73905","2","0"
"acc_4_129_342","Paseo de Extremadura 147","40.4097","-3.73884","2","0"
"acc_4_12_1034","Plaza de la Puerta del Sol 13","40.41707","-3.70296","2","0"
"acc_4_12_1048","Plaza de la Puerta del Sol 5","40.41685","-3.70296","2","0"
"acc_4_12_41","Plaza de la Puerta del Sol 7","40.41665","-3.70353","2","0"
"acc_4_12_42","Plaza de la Puerta del Sol 12","40.41714","-3.70329","2","0"
"acc_4_12_43","Plaza de la Puerta del Sol 9","40.41671","-3.70458","2","0"
"acc_4_12_776","Plaza de la Puerta del Sol 8","40.41667","-3.70441","2","0"
"acc_4_12_777","Calle de Preciados 1","40.41724","-3.70415","2","0"
"acc_4_130_343","Calle de Cebreros 41","40.40477","-3.74562","2","0"
"acc_4_130_344","Calle de las Higueras 49","40.40486","-3.74505","2","0"
"acc_4_130_345","Calle de Cebreros 41","40.40477","-3.74553","2","0"
"acc_4_132_346","Avda de Niza 59","40.43256","-3.6079","2","0"
"acc_4_132_802","Avda de Niza 59","40.4326","-3.60747","2","0"
"acc_4_133_347","Calle de Pobladura del Valle 4","40.42749","-3.61617","2","0"
"acc_4_133_348","Calle de Pobladura del Valle 27","40.42789","-3.61568","2","0"
"acc_4_134_349","Calle de Alberique 4","40.42765","-3.62274","2","0"
"acc_4_134_350","Calle del Castillo de Uclés 11","40.42786","-3.62581","2","0"
"acc_4_134_351","Calle de Zaratán 2","40.42842","-3.62564","2","0"
"acc_4_135_352","Calle de Luis del Campo SN","40.42917","-3.63203","2","0"
"acc_4_135_353","Calle de José Arcones Gil 106","40.42821","-3.63419","2","0"
"acc_4_136_354","Calle de Ascao 29","40.43017","-3.64115","2","0"
"acc_4_138_355","Calle de Martínez Villergas 1","40.43921","-3.65173","2","0"
"acc_4_138_356","Plaza de la Virgen del Romero 1","40.43855","-3.65164","2","0"
"acc_4_139_357","Avda de Bruselas 57","40.43945","-3.66307","2","0"
"acc_4_139_358","Avda de Bruselas 56","40.43945","-3.66288","2","0"
"acc_4_13_44","Plaza de Tirso de Molina 14","40.41239","-3.70505","2","0"
"acc_4_13_45","Plaza de Tirso de Molina 20","40.41245","-3.70373","2","0"
"acc_4_140_359","Avda de América 32","40.43906","-3.67203","2","0"
"acc_4_140_360","Avda de América 37","40.43945","-3.67219","2","0"
"acc_4_142_361","Calle de Miguel Ángel 33","40.43792","-3.69138","2","0"
"acc_4_142_362","Calle de José Abascal 65","40.43823","-3.69141","2","0"
"acc_4_142_363","Calle de José Abascal 58","40.43797","-3.69167","2","0"
"acc_4_143_364","Calle de José Abascal 26","40.43828","-3.69819","2","0"
"acc_4_143_365","Calle de José Abascal 20","40.43831","-3.69888","2","0"
"acc_4_143_366","Calle de José Abascal 20","40.4383","-3.6992","2","0"
"acc_4_145_367","Calle de Cea Bermúdez 64","40.43922","-3.71497","2","0"
"acc_4_145_368","Calle de Cea Bermúdez 55","40.439","-3.71498","2","0"
"acc_4_145_369","Calle de Cea Bermúdez 51","40.43898","-3.71426","2","0"
"acc_4_145_370","Calle de Cea Bermúdez 50","40.43915","-3.71306","2","0"
"acc_4_145_371","Calle de Cea Bermúdez 43","40.43897","-3.71302","2","0"
"acc_4_147_372","Calle de Moguer 1","40.45663","-3.7124","2","0"
"acc_4_147_373","Calle de Alejandro Rodríguez 39","40.45631","-3.71193","2","0"
"acc_4_147_374","Avda de Pablo Iglesias 93","40.45717","-3.71187","2","0"
"acc_4_147_375","Avda de Pablo Iglesias 96","40.45714","-3.71162","2","0"
"acc_4_147_376","Avda de Pablo Iglesias 92","40.45655","-3.71195","2","0"
"acc_4_148_377","Calle de San Restituto 72","40.46513","-3.71675","2","0"
"acc_4_148_378","Calle de San Restituto 72","40.46499","-3.71658","2","0"
"acc_4_148_379","Calle de San Restituto 58","40.46493","-3.71498","2","0"
"acc_4_148_380","Calle de Arciniega 11","40.46446","-3.71449","2","0"
"acc_4_149_381","Calle de Valderrodrigo 82","40.47012","-3.71775","2","0"
"acc_4_149_382","Calle de Valderrodrigo 82","40.46995","-3.71809","2","0"
"acc_4_149_383","Calle de Valderrodrigo 55","40.47026","-3.71788","2","0"
"acc_4_14_46","Calle del Amor de Dios 14","40.4123","-3.69865","2","0"
"acc_4_14_47","Plaza de Antón Martín 1","40.41242","-3.69958","2","0"
"acc_4_14_49","Calle de Atocha 85","40.41152","-3.69733","2","0"
"acc_4_14_50","Calle de Atocha 76","40.41142","-3.69742","2","0"
"acc_4_150_384","Cmno de Ganapanes 35","40.47602","-3.71611","2","0"
"acc_4_150_385","Cmno de Ganapanes SN","40.47607","-3.71584","2","0"
"acc_4_150_386","Cmno de Ganapanes 35","40.47585","-3.71613","2","0"
"acc_4_151_387","Calle de las Islas Cíes 23","40.48009","-3.71835","2","0"
"acc_4_151_388","Calle de las Islas Cíes 21","40.48004","-3.71834","2","0"
"acc_4_152_389","Calle de Ramón Gómez de la Serna 37","40.48462","-3.72329","2","0"
"acc_4_152_390","Calle de Riscos de Polanco 5","40.48517","-3.72289","2","0"
"acc_4_152_391","Calle de Riscos de Polanco 3","40.48498","-3.72288","2","0"
"acc_4_154_392","Calle de Gloria Fuertes 1","40.49519","-3.72559","2","0"
"acc_4_154_394","Calle de Gloria Fuertes 1","40.495","-3.72556","2","0"
"acc_4_156_409","Calle del Príncipe de Vergara 263","40.4567","-3.67717","2","0"
"acc_4_156_410","Calle del Príncipe de Vergara 260","40.45648","-3.67692","2","0"
"acc_4_156_411","Calle del Príncipe de Vergara 275","40.45811","-3.67701","2","0"
"acc_4_156_412","Calle del Príncipe de Vergara 268","40.45787","-3.67669","2","0"
"acc_4_156_413","Calle de Colombia 5","40.45721","-3.67723","2","0"
"acc_4_158_414","Avda de la Capital de España Madrid 13","40.46343","-3.61619","2","0"
"acc_4_158_415","Avda del Partenón 5","40.46405","-3.61681","2","0"
"acc_4_158_416","Avda del Partenón 5","40.46408","-3.6158","2","0"
"acc_4_158_417","Avda del Partenón 5","40.46419","-3.61594","2","0"
"acc_4_159_418","Avda de la Hispanidad 1","40.46824","-3.57099","2","0"
"acc_4_159_419","Avda de la Hispanidad 1","40.46823","-3.57114","2","0"
"acc_4_159_420","Avda de la Hispanidad 1","40.46791","-3.57191","2","0"
"acc_4_15_51","Plaza del Emperador Carlos V 11","40.409","-3.69247","2","0"
"acc_4_15_52","Paseo de la Infanta Isabel 1","40.40841","-3.69052","2","0"
"acc_4_160_421","Avda de Logroño 347","40.47576","-3.58255","2","0"
"acc_4_160_422","Avda de Logroño 347","40.4758","-3.58253","2","0"
"acc_4_161_423","Calle de Ginzo de Limia 47","40.48377","-3.7069","2","0"
"acc_4_161_424","Calle de Ginzo de Limia SN","40.48531","-3.70847","2","0"
"acc_4_162_425","Calle de Ginzo de Limia 29","40.47797","-3.704","2","0"
"acc_4_162_426","Calle de Ginzo de Limia 36","40.47807","-3.70354","2","0"
"acc_4_162_427","Calle de Ginzo de Limia 11","40.47625","-3.70332","2","0"
"acc_4_162_428","Calle de Ginzo de Limia 2","40.47632","-3.70294","2","0"
"acc_4_163_429","Avda de Asturias 33","40.46945","-3.6961","2","0"
"acc_4_163_430","Avda de Asturias 34","40.46972","-3.69571","2","0"
"acc_4_165_431","Calle de Mateo Inurria 58","40.46746","-3.67929","2","0"
"acc_4_166_432","Avda de Pío XII 4","40.46262","-3.67596","2","0"
"acc_4_166_433","Avda de Pío XII 16","40.46501","-3.67552","2","0"
"acc_4_168_434","Calle del Príncipe de Vergara 204","40.44943","-3.67767","2","0"
"acc_4_168_435","Calle de Príncipe de Vergara 246","40.45233","-3.67725","2","0"
"acc_4_169_436","Calle del Príncipe de Vergara 146","40.44626","-3.67803","2","0"
"acc_4_169_437","Calle del Príncipe de Vergara 157","40.44628","-3.67834","2","0"
"acc_4_169_438","Calle del Príncipe de Vergara 131","40.44313","-3.67869","2","0"
"acc_4_169_439","Calle del Príncipe de Vergara 128","40.44311","-3.67839","2","0"
"acc_4_16_53","Paseo de la Infanta Isabel 11","40.40754","-3.68916","2","0"
"acc_4_16_54","Paseo de la Infanta Isabel 15","40.40701","-3.68818","2","0"
"acc_4_16_572","Paseo de la Infanta Isabel 11","40.40746","-3.68899","2","0"
"acc_4_173_440","Calle de Ibiza 7","40.41836","-3.67803","2","0"
"acc_4_175_441","Calle del Camino de los Vinateros 1","40.41121","-3.66011","2","0"
"acc_4_175_442","Calle del Camino de los Vinateros 12","40.41061","-3.66017","2","0"
"acc_4_175_443","Calle de Sirio 24","40.41177","-3.66342","2","0"
"acc_4_176_444","Calle del Camino de los Vinateros 75","40.40993","-3.65013","2","0"
"acc_4_176_445","Calle del Camino de los Vinateros 104","40.40951","-3.6499","2","0"
"acc_4_176_446","Calle del Camino de los Vinateros 59","40.41028","-3.6527","2","0"
"acc_4_176_447","Calle del Arroyo Belincoso 36","40.41005","-3.65246","2","0"
"acc_4_177_448","Calle del Camino de los Vinateros 119","40.40698","-3.64409","2","0"
"acc_4_177_449","Calle del Camino de los Vinateros 172","40.40669","-3.64416","2","0"
"acc_4_177_450","Calle del Pico de los Artilleros 126","40.40538","-3.64149","2","0"
"acc_4_177_451","Calle del Pico de los Artilleros 59","40.40505","-3.64161","2","0"
"acc_4_178_452","Calle de la Hacienda de Pavones 215","40.40084","-3.6355","2","0"
"acc_4_178_453","Calle de la Hacienda de Pavones 340","40.40066","-3.6355","2","0"
"acc_4_178_803","Calle de la Hacienda de Pavones 342","40.40056","-3.63516","2","0"
"acc_4_179_454","Bulv de Indalecio Prieto 20 A","40.40098","-3.62116","2","0"
"acc_4_179_455","Bulv de Indalecio Prieto 22","40.4008","-3.62133","2","0"
"acc_4_179_456","Bulv de Indalecio Prieto 33","40.39901","-3.62199","2","0"
"acc_4_17_57","Avda de Menéndez Pelayo 123","40.40443","-3.68067","2","0"
"acc_4_17_58","Avda de Menéndez Pelayo 44","40.40452","-3.68091","2","0"
"acc_4_17_59","Calle de Gutenberg 1","40.40489","-3.68171","2","0"
"acc_4_180_457","Paseo de los Artilleros 35","40.40452","-3.60889","2","0"
"acc_4_180_458","Paseo de los Artilleros 14","40.40482","-3.60917","2","0"
"acc_4_180_459","Paseo de los Artilleros 14","40.40433","-3.60924","2","0"
"acc_4_181_460","Calle de San Cipriano 44","40.4039","-3.60483","2","0"
"acc_4_181_461","Calle de San Cipriano 55","40.40399","-3.6014","2","0"
"acc_4_181_462","Calle de San Cipriano 52","40.40385","-3.60367","2","0"
"acc_4_182_463","Calle de San Cipriano 85","40.4014","-3.59588","2","0"
"acc_4_182_464","Calle de San Cipriano 85","40.40142","-3.59583","2","0"
"acc_4_182_465","Calle de San Cipriano 85","40.40133","-3.59584","2","0"
"acc_4_183_467","Paseo  Ferrocarril 9","40.3674","-3.54841","2","0"
"acc_4_184_468","Calle de Wenceslao García SN","40.32845","-3.52035","2","0"
"acc_4_185_469","Ctra de Campo Real 20","40.31884","-3.47782","2","0"
"acc_4_186_470","Paseo de la Estación 37","40.30353","-3.4475","2","0"
"acc_4_187_471","Calle de la Fuente Chica 23","40.49509","-3.69326","2","0"
"acc_4_188_472","Paseo de la Castellana 261","40.48023","-3.68589","2","0"
"acc_4_188_473","Calle de San Modesto 10","40.48345","-3.68711","2","0"
"acc_4_18_1050","Calle del Doctor Esquerdo 219","40.40157","-3.67428","2","0"
"acc_4_18_60","Calle del Doctor Esquerdo 184","40.40155","-3.67479","2","0"
"acc_4_18_61","Calle del Doctor Esquerdo 221","40.40147","-3.67438","2","0"
"acc_4_18_62","Calle de Sánchez Barcaiztegui 1","40.4023","-3.67615","2","0"
"acc_4_191_475","Paseo de la Castellana 125","40.45846","-3.69031","2","0"
"acc_4_191_476","Paseo de la Castellana 162","40.45846","-3.68965","2","0"
"acc_4_192_477","Paseo de la Castellana 101","40.45151","-3.69131","2","0"
"acc_4_192_478","Paseo de la Castellana 136","40.45145","-3.69039","2","0"
"acc_4_192_479","Paseo de la Castellana 101","40.45383","-3.69076","2","0"
"acc_4_192_480","Paseo de la Castellana 142 B","40.45381","-3.69026","2","0"
"acc_4_199_481","Paseo de la Puerta del Ángel SN","40.41652","-3.73477","2","0"
"acc_4_19_63","Avda de la Albufera 12","40.39766","-3.66815","2","0"
"acc_4_19_64","Avda de la Albufera 9","40.3978","-3.66808","2","0"
"acc_4_19_65","Avda de Peña Prieta 2","40.39851","-3.66897","2","0"
"acc_4_1_1","Paseo de la Castellana 189","40.46682","-3.68918","2","0"
"acc_4_1_1040","Plaza de Castilla 9","40.46555","-3.68877","2","0"
"acc_4_1_1043","Paseo de la Castellana 191 B","40.46728","-3.68915","2","0"
"acc_4_1_1044","Paseo de la Castellana 189","40.46702","-3.68918","2","0"
"acc_4_1_2","Paseo de la Castellana 189","40.46722","-3.68952","2","0"
"acc_4_1_3","Calle de Bravo Murillo 377","40.46629","-3.69036","2","0"
"acc_4_1_4","Plaza de Castilla 9","40.46546","-3.68891","2","0"
"acc_4_1_773","Plaza de Castilla 3","40.46621","-3.69028","2","0"
"acc_4_200_482","Calle de Villamanin 27","40.40766","-3.75288","2","0"
"acc_4_200_483","Paseo de la Venta 1","40.40805","-3.75323","2","0"
"acc_4_202_484","Calle de Fuentesauco 44","40.39711","-3.77411","2","0"
"acc_4_202_485","Calle de Arenas de San Pedro 2","40.39709","-3.77479","2","0"
"acc_4_202_486","Ctra de Carabanchel a Aravaca 56","40.39718","-3.77421","2","0"
"acc_4_203_487","Paseo de Extremadura 573","40.37757","-3.7925","2","0"
"acc_4_203_488","Paseo de Húsares 46","40.37841","-3.79249","2","0"
"acc_4_203_489","Paseo de Extremadura 573","40.37758","-3.79246","2","0"
"acc_4_203_490","Col  Militar de Cuatro Vientos 6 A","40.37822","-3.79274","2","0"
"acc_4_204_491","Avda de la Libertad 2","40.34962","-3.80735","2","0"
"acc_4_204_492","Avda de la Libertad 13","40.34982","-3.80768","2","0"
"acc_4_204_493","Avda de la Libertad 13","40.35001","-3.80745","2","0"
"acc_4_205_494","Avda de la Libertad 2","40.34543","-3.81161","2","0"
"acc_4_205_495","Avda de la Libertad 3","40.34599","-3.81153","2","0"
"acc_4_205_496","Avda de la Libertad 2","40.34557","-3.81152","2","0"
"acc_4_205_497","Calle  Olímpico Francisco Fernández Ochoa SN","40.34474","-3.81292","2","0"
"acc_4_207_498","Avda de Abrantes 79","40.38052","-3.72825","2","0"
"acc_4_207_499","Avda de Abrantes 52","40.38104","-3.72809","2","0"
"acc_4_207_500","Avda de Abrantes 54","40.38067","-3.72835","2","0"
"acc_4_208_501","Avda de Abrantes 122","40.37603","-3.73437","2","0"
"acc_4_208_502","Avda de Abrantes 289","40.37587","-3.73406","2","0"
"acc_4_208_503","Avda de Abrantes 122","40.37587","-3.7346","2","0"
"acc_4_20_66","Avda de la Albufera 54","40.39615","-3.66527","2","0"
"acc_4_20_67","Avda de la Albufera 47","40.39626","-3.66517","2","0"
"acc_4_20_68","Avda de la Albufera 69","40.39536","-3.66341","2","0"
"acc_4_20_69","Avda de la Albufera 76","40.39523","-3.66352","2","0"
"acc_4_210_504","Avda de Leganés SN","40.34985","-3.82151","2","0"
"acc_4_210_505","Avda de Leganés SN","40.34957","-3.82105","2","0"
"acc_4_211_506","Paseo de Extremadura 13","40.34991","-3.8315","2","0"
"acc_4_211_507","Paseo de Extremadura 17","40.34954","-3.83198","2","0"
"acc_4_211_508","Avda de Móstoles 12","40.34993","-3.83192","2","0"
"acc_4_211_509","Avda de Móstoles 12","40.35002","-3.83192","2","0"
"acc_4_211_582","Calle de Berlín 2","40.3499","-3.8325","2","0"
"acc_4_211_583","Calle de Berlín 2","40.35055","-3.83185","2","0"
"acc_4_211_584","Calle de Berlín 2","40.3502","-3.83227","2","0"
"acc_4_212_510","Calle de Estambul 16","40.34616","-3.84929","2","0"
"acc_4_212_511","Calle de Estambul 16","40.34603","-3.84925","2","0"
"acc_4_213_512","Avda del Alcalde de Móstoles 35","40.33476","-3.87217","2","0"
"acc_4_213_513","Avda del Alcalde de Móstoles 35","40.3348","-3.87213","2","0"
"acc_4_213_576","Avda del Alcalde de Móstoles 35","40.33475","-3.87215","2","0"
"acc_4_214_514","Paseo de la Estación 13","40.32854","-3.86349","2","0"
"acc_4_214_515","Paseo de la Estación 13","40.32866","-3.8634","2","0"
"acc_4_214_586","Calle  Parque Vosa 35","40.32897","-3.86385","2","0"
"acc_4_214_587","Calle  Parque Vosa 35","40.32891","-3.86368","2","0"
"acc_4_215_516","Plaza del Pradillo SN","40.3215","-3.86458","2","0"
"acc_4_215_517","Plaza del Pradillo SN","40.32163","-3.8647","2","0"
"acc_4_216_518","Calle del Río Sella 10","40.31636","-3.87464","2","0"
"acc_4_216_519","Calle del Río Sella 10","40.31645","-3.87456","2","0"
"acc_4_217_520","Cmno de la Magdalena SN","40.30913","-3.86487","2","0"
"acc_4_217_521","Cmno de la Magdalena SN","40.30914","-3.86471","2","0"
"acc_4_218_522","Avda de Pablo Iglesias 1","40.2964","-3.83758","2","0"
"acc_4_218_523","Calle de la Alegría 4","40.2971","-3.83759","2","0"
"acc_4_218_524","Calle de la Alegría 4","40.29688","-3.83753","2","0"
"acc_4_219_525","Cmno del Molino 2","40.28577","-3.81656","2","0"
"acc_4_219_526","Cmno del Molino SN","40.28519","-3.81728","2","0"
"acc_4_219_527","Cmno del Molino 2","40.28574","-3.81668","2","0"
"acc_4_21_70","Avda de la Albufera 108","40.3933","-3.65985","2","0"
"acc_4_21_71","Avda de la Albufera 117","40.39342","-3.65975","2","0"
"acc_4_21_72","Avda de la Albufera 145","40.39236","-3.65774","2","0"
"acc_4_21_73","Avda de la Albufera 130","40.39224","-3.65785","2","0"
"acc_4_220_528","Calle de Francia 34","40.28517","-3.80596","2","0"
"acc_4_220_529","Calle de Francia 36","40.28529","-3.80644","2","0"
"acc_4_221_530","Paseo de la Estación SN","40.28267","-3.79885","2","0"
"acc_4_221_531","Calle de la Estación SN","40.2826","-3.79888","2","0"
"acc_4_221_589","Plaza  Constitución SN","40.28313","-3.79967","2","0"
"acc_4_221_590","Plaza  Constitución SN","40.28267","-3.79985","2","0"
"acc_4_222_532","Avda de los Estados 10","40.28655","-3.78739","2","0"
"acc_4_222_533","Calle de la Habana 2","40.287","-3.787","2","0"
"acc_4_222_534","Calle de Venezuela 2","40.2866","-3.787","2","0"
"acc_4_223_535","Calle de las Ciencias 14","40.28901","-3.75684","2","0"
"acc_4_223_536","Calle de las Ciencias 14","40.28856","-3.75675","2","0"
"acc_4_224_537","Avda de las Arcas del agua 9","40.29345","-3.74621","2","0"
"acc_4_224_538","Avda de las Arcas del agua 9","40.29336","-3.74584","2","0"
"acc_4_225_539","Calle del Greco 2","40.30077","-3.73628","2","0"
"acc_4_225_540","Calle del Greco 8","40.30088","-3.73679","2","0"
"acc_4_226_543","Calle del Muelle 1","40.31","-3.73418","2","0"
"acc_4_226_544","Calle  Ferrocarril SN","40.30997","-3.73386","2","0"
"acc_4_226_545","Calle  Ferrocarril SN","40.30989","-3.73394","2","0"
"acc_4_227_546","Avda de España 16","40.31165","-3.7224","2","0"
"acc_4_227_547","Avda de España 5","40.31179","-3.72264","2","0"
"acc_4_227_548","Avda de España 9","40.31209","-3.72238","2","0"
"acc_4_228_1084","Calle de la Gitanilla SN","40.31818","-3.70925","2","0"
"acc_4_228_1085","Calle de la Gitanilla SN","40.31819","-3.70926","2","0"
"acc_4_228_549","Avda del Casar SN","40.3187","-3.71001","2","0"
"acc_4_228_550","Avda del Casar SN","40.31841","-3.71005","2","0"
"acc_4_229_551","Avda  Rigoberta Menchú 3","40.32433","-3.71838","2","0"
"acc_4_229_552","Avda de Rigoberta Menchú 3","40.32416","-3.71801","2","0"
"acc_4_22_74","Avda de la Albufera 179","40.39172","-3.65401","2","0"
"acc_4_22_75","Avda de la Albufera 140","40.3914","-3.65394","2","0"
"acc_4_230_553","Avda  Comandante José Manuel Ripollés 4","40.32946","-3.72997","2","0"
"acc_4_231_555","Avda  Rey Juan Carlos I 108","40.33644","-3.73999","2","0"
"acc_4_231_556","Avda  Rey Juan Carlos I 85","40.33686","-3.74026","2","0"
"acc_4_231_557","Avda  Rey Juan Carlos I SN","40.33656","-3.74049","2","0"
"acc_4_232_558","Avda  Rey Juan Carlos I 32","40.33446","-3.75235","2","0"
"acc_4_232_559","Avda  Rey Juan Carlos I 25","40.33479","-3.75235","2","0"
"acc_4_232_560","Avda  Rey Juan Carlos I 25","40.33465","-3.75247","2","0"
"acc_4_233_561","Avda  Gibraltar 2","40.32674","-3.75933","2","0"
"acc_4_233_562","Avda  Gibraltar 13","40.32686","-3.75955","2","0"
"acc_4_233_563","Avda de Gibraltar 2","40.3265","-3.75956","2","0"
"acc_4_234_564","Avda  Orellana 3","40.32213","-3.76852","2","0"
"acc_4_234_565","Avda  Orellana 3","40.32142","-3.76867","2","0"
"acc_4_234_566","Avda  Orellana 3","40.32183","-3.76865","2","0"
"acc_4_235_567","Calle del Cobre SN","40.32906","-3.77169","2","0"
"acc_4_235_568","Calle  Virgen del Camino 3","40.3286","-3.77113","2","0"
"acc_4_235_592","Calle  Virgen del Camino 1","40.3287","-3.77104","2","0"
"acc_4_235_593","Calle  Virgen del Camino 5","40.32857","-3.77118","2","0"
"acc_4_236_569","Avda del Mar Mediterráneo SN","40.3359","-3.77604","2","0"
"acc_4_236_570","Calle de la Encina SN","40.33646","-3.77573","2","0"
"acc_4_236_571","Avda del Mar Mediterráneo SN","40.33633","-3.7761","2","0"
"acc_4_23_76","Calle de Santillana del Mar 19","40.39015","-3.64527","2","0"
"acc_4_23_77","Avda de la Albufera 248","40.38969","-3.64562","2","0"
"acc_4_23_78","Calle de la Albufera 246","40.38989","-3.64545","2","0"
"acc_4_24_79","Avda de la Albufera 285","40.38757","-3.63998","2","0"
"acc_4_24_80","Avda de la Albufera 280","40.38686","-3.63959","2","0"
"acc_4_24_81","Avda de la Albufera 278","40.38706","-3.6398","2","0"
"acc_4_24_82","Avda de la Albufera 285","40.38737","-3.63971","2","0"
"acc_4_252_623","Calle de la Corbeta 12","40.45739","-3.5881","2","0"
"acc_4_252_624","Calle de la Corbeta 14","40.45753","-3.58775","2","0"
"acc_4_253_625","Calle de Velero 15","40.45294","-3.59494","2","0"
"acc_4_253_626","Calle de Velero 17","40.45331","-3.59438","2","0"
"acc_4_253_627","Calle de Pinos de Osuna 15","40.45361","-3.59354","2","0"
"acc_4_254_628","Avda de los Poblados 91","40.37385","-3.74005","2","0"
"acc_4_254_629","Avda de los Poblados 96","40.37346","-3.73991","2","0"
"acc_4_254_630","Avda de los Poblados 96","40.37345","-3.73999","2","0"
"acc_4_255_631","Avda de Carabanchel Alto 15","40.37199","-3.7518","2","0"
"acc_4_255_632","Cllon de Rosa 15","40.3718","-3.75171","2","0"
"acc_4_256_633","Avda de la Peseta 61","40.36423","-3.75703","2","0"
"acc_4_256_634","Avda de la Peseta 61","40.36415","-3.75707","2","0"
"acc_4_257_635","Calle de la Fuente de Lima 2","40.38382","-3.78391","2","0"
"acc_4_257_636","Calle de la Fuente de Lima 2","40.3838","-3.78396","2","0"
"acc_4_258_637","G.v. de Hortaleza 49 A","40.46815","-3.64831","2","0"
"acc_4_258_638","Avda de la Gran Vía de Hortaleza SN","40.46801","-3.64815","2","0"
"acc_4_259_639","Calle del Bronce 1 A","40.39304","-3.6885","2","0"
"acc_4_25_577","Calle de Jesús del Pino 32","40.38196","-3.62453","2","0"
"acc_4_25_83","Avda de la Democracia 1","40.38224","-3.62498","2","0"
"acc_4_25_84","Calle de Sierra de Guadalupe 23","40.38208","-3.62467","2","0"
"acc_4_25_85","Avda de la Democracia 1","40.38208","-3.62473","2","0"
"acc_4_25_86","Avda de la Democracia 4","40.3831","-3.62508","2","0"
"acc_4_260_640","Avda del Marqués de Corbera 56","40.42647","-3.65071","2","0"
"acc_4_260_641","Avda del Marqués de Corbera 58","40.42651","-3.65042","2","0"
"acc_4_261_474","Calle del Padre Francisco Palau y Quer SN","40.47314","-3.68308","2","0"
"acc_4_261_642","Calle del Padre Francisco Palau y Quer SN","40.47323","-3.68313","2","0"
"acc_4_262_643","Calle del Bambú 14","40.47683","-3.67642","2","0"
"acc_4_262_644","Calle del Bambú 14","40.47705","-3.67684","2","0"
"acc_4_263_645","Calle de Arturo Soria 330","40.4802","-3.66682","2","0"
"acc_4_263_646","Calle de Arturo Soria 330","40.48015","-3.66693","2","0"
"acc_4_264_647","Calle del Capitán Cortés 2","40.47488","-3.65234","2","0"
"acc_4_264_648","Calle de la Costa del sol 20 D","40.4742","-3.65204","2","0"
"acc_4_265_649","Calle de Vélez Rubio 1 D","40.47684","-3.66285","2","0"
"acc_4_265_650","Calle de Vélez Rubio 1 D","40.47684","-3.66285","2","0"
"acc_4_267_651","Avda de Córdoba 21","40.3842","-3.69788","2","0"
"acc_4_267_652","Avda de Córdoba SN","40.38385","-3.6983","2","0"
"acc_4_267_653","Avda de Córdoba SN","40.38389","-3.69837","2","0"
"acc_4_268_654","Avda de Córdoba SN","40.37549","-3.69588","2","0"
"acc_4_268_655","Avda de Córdoba SN","40.37521","-3.69575","2","0"
"acc_4_269_656","Avda de la Perla 35","40.36992","-3.69416","2","0"
"acc_4_269_657","Avda de Andalucía 20","40.36988","-3.69462","2","0"
"acc_4_269_658","Avda de la Perla 37","40.36961","-3.6941","2","0"
"acc_4_26_87","Paseo de Federico García Lorca 3","40.37933","-3.62105","2","0"
"acc_4_26_88","Plaza  Sierra de gador 10","40.37978","-3.62187","2","0"
"acc_4_26_89","Paseo de Federico García Lorca 1 B","40.37949","-3.62103","2","0"
"acc_4_270_659","Calle de la Tertulia 17","40.35954","-3.69295","2","0"
"acc_4_270_660","Paseo de Gigantes y Cabezudos 10","40.36005","-3.69367","2","0"
"acc_4_270_661","Paseo de Gigantes y Cabezudos 12","40.35973","-3.69366","2","0"
"acc_4_271_662","Calle de Santiago Amón 1","40.35057","-3.69335","2","0"
"acc_4_271_663","Calle de Santa Petronila 3","40.35109","-3.69256","2","0"
"acc_4_271_664","Calle de Santa Petronila 7","40.35081","-3.69256","2","0"
"acc_4_272_665","Calle de Moncada 102","40.34112","-3.69249","2","0"
"acc_4_272_666","Avda de Andalucía SN","40.34167","-3.69312","2","0"
"acc_4_272_667","Calle de Moncada 101","40.34145","-3.69248","2","0"
"acc_4_273_668","Calle del Valle de Tobalina 54","40.341","-3.71271","2","0"
"acc_4_273_670","Calle del Valle de Tobalina 54","40.34104","-3.71278","2","0"
"acc_4_274_693","Calle del Retablo de Melisendra SN","40.50108","-3.69474","2","0"
"acc_4_275_691","Avda de Monasterio de Silos 63 A","40.50529","-3.69582","2","0"
"acc_4_275_692","Avda de Monasterio de Silos 63 A","40.50528","-3.69584","2","0"
"acc_4_276_689","Calle de Palas de Rey 30","40.50843","-3.66936","2","0"
"acc_4_276_690","Calle de Palas de Rey 30","40.50844","-3.66939","2","0"
"acc_4_277_687","Ronda de la Comunicación 20","40.51571","-3.66284","2","0"
"acc_4_277_688","Ronda de la Comunicación 20","40.51586","-3.66289","2","0"
"acc_4_278_685","Calle de Sepúlveda 1","40.52763","-3.65865","2","0"
"acc_4_278_686","Calle de la Granja 14","40.52772","-3.65855","2","0"
"acc_4_279_683","Avda de la Ermita 5","40.53187","-3.6355","2","0"
"acc_4_279_684","Avda de la Ermita 5","40.53199","-3.63548","2","0"
"acc_4_27_90","Calle del Congosto 35","40.372","-3.61866","2","0"
"acc_4_27_91","Calle del Congosto 33","40.37233","-3.61867","2","0"
"acc_4_27_92","Calle del Congosto 50","40.37213","-3.61891","2","0"
"acc_4_280_680","Calle del Marqués de la Valdavia 21","40.54112","-3.63739","2","0"
"acc_4_280_681","Calle del Marqués de la Valdavia 21","40.54107","-3.63755","2","0"
"acc_4_281_678","Calle  Manuel de Falla 59","40.55044","-3.64708","2","0"
"acc_4_281_679","Calle  Manuel de Falla 59","40.55063","-3.64682","2","0"
"acc_4_282_676","Avda de las Lomas del Rey 2","40.55439","-3.63507","2","0"
"acc_4_282_677","Avda de las Lomas del Rey 8","40.55435","-3.6354","2","0"
"acc_4_283_674","Avda de la Plaza de Toros 7","40.55028","-3.62336","2","0"
"acc_4_283_675","Avda de la Plaza de Toros 7","40.55039","-3.62327","2","0"
"acc_4_284_671","Paseo  Europa SN","40.5602","-3.61143","2","0"
"acc_4_284_672","Paseo  Europa SN","40.55976","-3.61066","2","0"
"acc_4_284_673","Paseo  Europa SN","40.5597","-3.61077","2","0"
"acc_4_285_694","Ctra de Alcobendas a Barajas SN","40.49218","-3.59316","2","0"
"acc_4_286_710","Avda de Arcentales SN","40.43384","-3.60102","2","0"
"acc_4_286_711","Calle de Estocolmo 91","40.43298","-3.60165","2","0"
"acc_4_286_712","Calle de Estocolmo 91","40.43291","-3.60152","2","0"
"acc_4_287_708","Avda de España 8","40.4227","-3.56882","2","0"
"acc_4_287_709","Avda de España 8","40.42273","-3.56895","2","0"
"acc_4_288_703","Calle del Doctor Fleming SN","40.42385","-3.56197","2","0"
"acc_4_288_704","Calle de Luis Braille SN","40.42382","-3.56117","2","0"
"acc_4_288_706","Calle de Luis Braille SN","40.42373","-3.56083","2","0"
"acc_4_288_707","Calle del Doctor Fleming SN","40.42355","-3.562","2","0"
"acc_4_289_701","Calle  Honduras SN","40.42512","-3.54782","2","0"
"acc_4_289_702","Calle  Honduras SN","40.42519","-3.54798","2","0"
"acc_4_28_93","Calle de Alcalá 237","40.43104","-3.66329","2","0"
"acc_4_28_94","Calle de Alcalá 237","40.4312","-3.66338","2","0"
"acc_4_290_699","Calle de Gonzalo de Córdoba 24","40.42442","-3.53535","2","0"
"acc_4_290_700","Calle de Gonzalo de Córdoba 26","40.42447","-3.53587","2","0"
"acc_4_291_697","Plaza  Guernica 1","40.42286","-3.52543","2","0"
"acc_4_291_698","Plaza  Guernica 1","40.42299","-3.52544","2","0"
"acc_4_292_695","Avda de Algorta 12","40.41779","-3.52709","2","0"
"acc_4_292_696","Avda de Algorta 12","40.41773","-3.52725","2","0"
"acc_4_293_713","Avda del Ensanche de Vallecas 16","40.37029","-3.61346","2","0"
"acc_4_293_714","Avda del Ensanche de Vallecas 16","40.37025","-3.61337","2","0"
"acc_4_294_715","Calle de Cañada del Santísimo 45","40.36317","-3.59958","2","0"
"acc_4_294_716","Calle de Cañada del Santísimo 45","40.36325","-3.59948","2","0"
"acc_4_295_717","Avda del Ensanche de Vallecas 120 A","40.36004","-3.59319","2","0"
"acc_4_295_718","Avda del Ensanche de Vallecas 120 A","40.36009","-3.59312","2","0"
"acc_4_296_761","Camino  Labor SN","40.41756","-3.53442","2","0"
"acc_4_296_762","Camino  Labor SN","40.41784","-3.53495","2","0"
"acc_4_29_95","Plaza de Manuel Becerra 4","40.4282","-3.66951","2","0"
"acc_4_29_96","Plaza de Manuel Becerra 20","40.42762","-3.66927","2","0"
"acc_4_2_5","Calle de Bravo Murillo 324","40.46409","-3.69577","2","0"
"acc_4_2_6","Calle de Bravo Murillo 350","40.46479","-3.69399","2","0"
"acc_4_300_815","Calle  Concepción Arenal 1","40.34126","-3.52489","2","0"
"acc_4_300_816","Calle  Marie Curie 5","40.34021","-3.52617","2","0"
"acc_4_300_817","Calle  Marie Curie 5","40.34004","-3.52601","2","0"
"acc_4_305_1045","Calle  San José 40","40.35789","-3.77783","2","0"
"acc_4_305_1046","Calle  San José 44","40.35771","-3.77745","2","0"
"acc_4_30_100","Avda de Felipe II 1","40.42421","-3.6761","2","0"
"acc_4_30_101","Calle de Goya 62","40.42478","-3.67758","2","0"
"acc_4_30_778","Calle de Goya 87","40.42494","-3.67662","2","0"
"acc_4_30_779","Calle de Goya 87","40.42495","-3.67666","2","0"
"acc_4_30_780","Avda de Felipe II 1","40.42423","-3.67619","2","0"
"acc_4_30_781","Avda de Felipe II 1","40.42422","-3.67615","2","0"
"acc_4_30_782","Calle del General Díaz Porlier 3","40.42441","-3.67734","2","0"
"acc_4_30_97","Calle del Conde del Peñalver 2","40.42499","-3.67556","2","0"
"acc_4_30_98","Calle de Goya 89","40.42508","-3.67581","2","0"
"acc_4_30_99","Avda de Felipe II 12","40.4239","-3.67614","2","0"
"acc_4_31_103","Calle de Alcalá 125","40.42308","-3.67976","2","0"
"acc_4_322_1058","Calle de Arriaga 75","40.42374","-3.63925","2","0"
"acc_4_322_1059","Calle de Francisco Largo Caballero 15","40.42358","-3.63909","2","0"
"acc_4_323_1060","Plaza de Alsacia S/N","40.41767","-3.62301","2","0"
"acc_4_323_1061","Plaza de Alsacia S/N","40.41806","-3.62326","2","0"
"acc_4_323_1062","Avda de Guadalajara 2","40.41864","-3.62319","2","0"
"acc_4_323_1063","Avda de Guadalajara 2","40.41861","-3.6234","2","0"
"acc_4_324_1064","Avda de Guadalajara 110","40.42233","-3.61196","2","0"
"acc_4_324_1065","Avda de Guadalajara 110","40.42246","-3.61162","2","0"
"acc_4_325_1066","Calle de Suecia 44","40.4239","-3.60366","2","0"
"acc_4_325_1067","Paseo de Ginebra 35","40.42376","-3.60304","2","0"
"acc_4_326_1068","Avda del Ventisquero de la Condesa 28","40.49103","-3.71635","2","0"
"acc_4_326_1069","Avda del Ventisquero de la Condesa 28","40.49124","-3.71687","2","0"
"acc_4_32_104","Calle de Lagasca 4","40.42082","-3.68582","2","0"
"acc_4_32_105","Calle de Lagasca 4","40.42096","-3.68581","2","0"
"acc_4_32_106","Calle de Alcalá 60","40.42005","-3.68612","2","0"
"acc_4_32_107","Calle de Alcalá 75","40.42044","-3.6871","2","0"
"acc_4_33_108","Calle de Alcalá 51","40.41937","-3.69419","2","0"
"acc_4_33_109","Calle de Alcalá 48","40.41895","-3.69451","2","0"
"acc_4_33_110","Calle de Alcalá 46","40.41874","-3.69563","2","0"
"acc_4_33_111","Calle de Alcalá 47","40.41907","-3.69584","2","0"
"acc_4_345_1075","Calle de Monasterio de Las Huelgas 5","40.49963","-3.70916","2","0"
"acc_4_345_1076","Calle de Monasterio de Las Huelgas 5","40.49962","-3.70924","2","0"
"acc_4_34_112","Calle de Alcalá 16","40.41773","-3.69948","2","0"
"acc_4_34_113","Calle de Alcalá 21","40.4179","-3.69963","2","0"
"acc_4_34_114","Calle de Alcalá 23","40.41807","-3.69911","2","0"
"acc_4_36_1054","Plaza de Isabel II 9","40.41806","-3.70936","2","0"
"acc_4_36_1056","Plaza de Isabel II 5","40.41823","-3.70935","2","0"
"acc_4_36_1057","Plaza de Isabel II 8","40.41811","-3.70925","2","0"
"acc_4_37_116","Plaza de Santo Domingo 6","40.42044","-3.7086","2","0"
"acc_4_37_117","Calle  Gran Vía 51","40.4213","-3.70778","2","0"
"acc_4_38_118","Calle de San Bernardo 45","40.4242","-3.70746","2","0"
"acc_4_38_119","Calle de San Bernardo 51","40.4255","-3.70742","2","0"
"acc_4_39_120","Gta de Ruiz Jiménez 2","40.42988","-3.70604","2","0"
"acc_4_39_121","Gta de Ruiz Jiménez 5","40.42967","-3.7053","2","0"
"acc_4_3_7","Calle de Bravo Murillo 269","40.45982","-3.69929","2","0"
"acc_4_3_8","Calle del General Margallo 2","40.46115","-3.69788","2","0"
"acc_4_40_122","Gta de Quevedo 2","40.43339","-3.70472","2","0"
"acc_4_40_123","Gta de Quevedo 1","40.43311","-3.70434","2","0"
"acc_4_41_124","Calle de Bravo Murillo 40","40.43832","-3.70412","2","0"
"acc_4_41_125","Calle de Bravo Murillo 47","40.43825","-3.70434","2","0"
"acc_4_41_126","Calle de Bravo Murillo 47 A","40.43846","-3.70441","2","0"
"acc_4_43_127","Plaza de Legazpi 1","40.39159","-3.69484","2","0"
"acc_4_43_128","Paseo de las Delicias 130","40.39328","-3.69493","2","0"
"acc_4_43_783","Plaza de Legazpi 2","40.39139","-3.69454","2","0"
"acc_4_43_784","Plaza de Legazpi 1","40.39147","-3.69463","2","0"
"acc_4_44_129","Paseo de las Delicias 78","40.39861","-3.69433","2","0"
"acc_4_44_130","Paseo de las Delicias 60","40.39978","-3.6942","2","0"
"acc_4_44_785","Paseo de las Delicias 61 A","40.40024","-3.6939","2","0"
"acc_4_44_786","Paseo de las Delicias 58","40.40002","-3.69414","2","0"
"acc_4_45_131","Calle de Palos de la Frontera 42 A","40.40293","-3.69396","2","0"
"acc_4_45_787","Calle de Palos de la Frontera 29","40.40316","-3.6944","2","0"
"acc_4_45_788","Calle de Palos de la Frontera 33","40.40314","-3.69414","2","0"
"acc_4_46_136","Gta de Embajadores 5","40.40459","-3.70251","2","0"
"acc_4_46_137","Gta de Embajadores 3","40.40508","-3.70181","2","0"
"acc_4_46_789","Gta de Embajadores 7","40.40467","-3.7029","2","0"
"acc_4_47_790","Calle de Argumosa 3","40.4084","-3.70037","2","0"
"acc_4_47_791","Calle de Argumosa 1","40.40845","-3.70074","2","0"
"acc_4_49_139","Calle del Carmen 28","40.41971","-3.70549","2","0"
"acc_4_49_140","Plaza del Callao 1","40.42002","-3.70581","2","0"
"acc_4_49_141","Calle  Gran Vía 39","40.42014","-3.70524","2","0"
"acc_4_49_142","Calle  Gran Vía 46","40.42049","-3.70607","2","0"
"acc_4_49_792","Calle de Jacometrezo 1","40.42009","-3.70613","2","0"
"acc_4_49_793","Calle de Jacometrezo 1","40.4201","-3.70614","2","0"
"acc_4_49_794","Plaza del Callao 1","40.42013","-3.7058","2","0"
"acc_4_4_10","Calle de Bravo Murillo 170","40.45367","-3.70283","2","0"
"acc_4_4_11","Calle de Bravo Murillo 194","40.45525","-3.70248","2","0"
"acc_4_4_12","Calle de Bravo Murillo 205","40.45533","-3.70274","2","0"
"acc_4_4_9","Calle de Bravo Murillo 183","40.45363","-3.70309","2","0"
"acc_4_50_143","Plaza de Gran Vía 73","40.42319","-3.71097","2","0"
"acc_4_50_144","Calle  Gran Vía 80","40.42331","-3.71051","2","0"
"acc_4_50_145","Plaza de España 18","40.42415","-3.71196","2","0"
"acc_4_50_146","Calle de los Reyes 1","40.42364","-3.71067","2","0"
"acc_4_50_147","Calle de la Princesa 2","40.42367","-3.71094","2","0"
"acc_4_50_148","Plaza del Conde de Toreno 1","40.42435","-3.70925","2","0"
"acc_4_50_149","Plaza del Conde de Toreno 1","40.42435","-3.70924","2","0"
"acc_4_50_795","Plaza de España 18","40.42414","-3.71182","2","0"
"acc_4_51_150","Calle de la Princesa 23","40.42697","-3.71375","2","0"
"acc_4_51_618","Calle de la Princesa 22","40.42718","-3.71358","2","0"
"acc_4_51_796","Calle de la Princesa 22","40.42696","-3.71342","2","0"
"acc_4_52_151","Calle de la Princesa 56","40.43027","-3.71578","2","0"
"acc_4_52_152","Calle de Alberto Aguilera 70","40.43068","-3.71559","2","0"
"acc_4_52_153","Calle de la Princesa 65","40.43138","-3.71692","2","0"
"acc_4_52_154","Calle de Alberto Aguilera 62","40.43056","-3.71435","2","0"
"acc_4_52_797","Calle de Alberto Aguilera 70","40.43068","-3.71556","2","0"
"acc_4_53_155","Paseo de Moret 1","40.43473","-3.71961","2","0"
"acc_4_53_156","Calle de la Princesa 96","40.43469","-3.71897","2","0"
"acc_4_53_157","Calle de la Princesa 89","40.4347","-3.71949","2","0"
"acc_4_53_579","Plaza de la Moncloa 1","40.4351","-3.71924","2","0"
"acc_4_53_798","Calle del Arcipreste de Hita 1","40.43364","-3.71782","2","0"
"acc_4_53_807","Calle de la Princesa 87","40.43381","-3.71893","2","0"
"acc_4_57_160","Plaza de Santa Bárbara 5","40.42744","-3.69593","2","0"
"acc_4_57_161","Calle de Génova 2","40.42738","-3.69544","2","0"
"acc_4_57_162","Plaza de Alonso Martínez 4","40.42803","-3.6956","2","0"
"acc_4_57_163","Calle de Sagasta 30","40.42784","-3.69707","2","0"
"acc_4_58_164","Calle de Génova 29","40.42573","-3.69167","2","0"
"acc_4_58_165","Calle de Génova 28","40.4254","-3.69167","2","0"
"acc_4_59_167","Calle de Goya 15","40.42548","-3.68761","2","0"
"acc_4_59_168","Calle de Goya 4","40.42528","-3.6876","2","0"
"acc_4_59_169","Calle de Goya 23","40.4254","-3.68608","2","0"
"acc_4_59_170","Calle de Goya 10","40.42521","-3.68608","2","0"
"acc_4_5_13","Calle de Bravo Murillo 135","40.45026","-3.70361","2","0"
"acc_4_5_14","Calle de Bravo Murillo 136","40.45017","-3.70337","2","0"
"acc_4_60_171","Calle de Goya 41","40.42525","-3.68331","2","0"
"acc_4_60_172","Calle de Goya 20","40.42507","-3.68345","2","0"
"acc_4_60_173","Calle de Goya 53","40.42519","-3.68182","2","0"
"acc_4_60_174","Calle de Goya 32","40.42499","-3.68182","2","0"
"acc_4_62_175","Calle del Conde de Peñalver 49","40.42971","-3.67542","2","0"
"acc_4_62_176","Calle del Conde de Peñalver 39","40.42856","-3.67554","2","0"
"acc_4_63_177","Calle de Diego de León 69","40.43463","-3.67509","2","0"
"acc_4_63_178","Calle de Francisco Silvela 63","40.43481","-3.67501","2","0"
"acc_4_63_179","Calle de Francisco Silvela 56","40.435","-3.67452","2","0"
"acc_4_63_180","Calle  Francisco Silvela 54","40.43405","-3.6748","2","0"
"acc_4_63_234","Calle de Juan Bravo 52","40.43241","-3.6749","2","0"
"acc_4_63_235","Calle de Juan Bravo 69","40.43235","-3.67363","2","0"
"acc_4_63_236","Calle de Francisco Silvela 34","40.43261","-3.67237","2","0"
"acc_4_63_237","Calle de Francisco Silvela 40","40.43319","-3.67284","2","0"
"acc_4_63_238","Calle de Francisco Silvela 47","40.4332","-3.67332","2","0"
"acc_4_64_181","Avda de América 3","40.43781","-3.6772","2","0"
"acc_4_64_182","Avda de América 4","40.43766","-3.67664","2","0"
"acc_4_64_184","Avda de América 3","40.43778","-3.67705","2","0"
"acc_4_64_185","Calle de Pedro de Valdivia 31","40.43876","-3.6794","2","0"
"acc_4_65_186","Plaza de la Prosperidad 3","40.44428","-3.67474","2","0"
"acc_4_66_187","Calle de Clara del Rey 83","40.44822","-3.66786","2","0"
"acc_4_67_188","Calle de Ramón y Cajal 80","40.45325","-3.66197","2","0"
"acc_4_67_189","Avda de Ramón y Cajal 78","40.45264","-3.66372","2","0"
"acc_4_67_190","Avda de Ramón y Cajal 101","40.45348","-3.66239","2","0"
"acc_4_68_191","Calle de Ulises 1","40.45604","-3.65617","2","0"
"acc_4_68_192","Calle de Arturo Soria 172","40.45565","-3.65603","2","0"
"acc_4_68_193","Calle de José Silva 1 A","40.4556","-3.65674","2","0"
"acc_4_68_194","Calle de Ulises 11","40.45687","-3.65457","2","0"
"acc_4_69_195","Calle de Andorra 51","40.45957","-3.64586","2","0"
"acc_4_6_15","Gta de Cuatro Caminos 1","40.44671","-3.70428","2","0"
"acc_4_6_16","Calle de Santa Engracia 168","40.44652","-3.70362","2","0"
"acc_4_6_17","Avda de la Reina Victoria 3","40.44689","-3.70456","2","0"
"acc_4_6_18","Calle de Bravo Murillo 101","40.44737","-3.70406","2","0"
"acc_4_6_19","Calle de Maudes 8","40.44534","-3.70258","2","0"
"acc_4_6_615","Calle de Santa Engracia 179","40.44624","-3.70375","2","0"
"acc_4_70_196","Avda de Machupichu 101","40.46377","-3.6356","2","0"
"acc_4_70_197","Calle de Ramón Power 1","40.46372","-3.63516","2","0"
"acc_4_70_198","Avda de Machupichu 103","40.46461","-3.63575","2","0"
"acc_4_70_199","Calle de Mota del Cuervo 2","40.46512","-3.63541","2","0"
"acc_4_70_200","Avda de Machupichu 101","40.46371","-3.63559","2","0"
"acc_4_71_201","Calle de los Emigrantes SN","40.4689","-3.63833","2","0"
"acc_4_71_202","Gta del Mar de Cristal 1","40.46944","-3.63888","2","0"
"acc_4_71_203","Calle de Mar Adriático 2","40.47017","-3.63855","2","0"
"acc_4_71_204","Gta del Mar de Cristal 1 B","40.46939","-3.63888","2","0"
"acc_4_72_205","Avda de la Barranquilla 15","40.47451","-3.63957","2","0"
"acc_4_72_206","Calle de Baranoa 2","40.47454","-3.63939","2","0"
"acc_4_72_207","Avda de la Barranquilla 9","40.4743","-3.63942","2","0"
"acc_4_73_208","Calle de Santa Virgilia 1","40.47713","-3.64552","2","0"
"acc_4_73_209","Calle de Arcos 3","40.47729","-3.64517","2","0"
"acc_4_73_210","Calle de Santa Virgilia 6","40.47697","-3.64497","2","0"
"acc_4_74_1037","Calle de Alcalá 636","40.44923","-3.60897","2","0"
"acc_4_74_211","Calle de Alcalá 631","40.44949","-3.60808","2","0"
"acc_4_74_212","Calle de Alcalá 640","40.44909","-3.60814","2","0"
"acc_4_75_213","Calle de Alcalá 557","40.44373","-3.61712","2","0"
"acc_4_75_214","Calle de Alcalá 550","40.44357","-3.617","2","0"
"acc_4_76_215","Calle de Alcalá 506","40.44075","-3.6272","2","0"
"acc_4_76_216","Calle de Alcalá 527","40.44101","-3.62684","2","0"
"acc_4_77_217","Calle de los Hnos. García Noblejas 2","40.43758","-3.63806","2","0"
"acc_4_77_218","Calle de Alcalá 416","40.43784","-3.63846","2","0"
"acc_4_77_219","Calle de Arturo Soria 2","40.43819","-3.63802","2","0"
"acc_4_77_220","Calle de Alcalá 434","40.43833","-3.63604","2","0"
"acc_4_78_1028","Calle de Alcalá 366","40.43529","-3.64348","2","0"
"acc_4_78_221","Calle de Alcalá 373","40.43525","-3.64387","2","0"
"acc_4_78_222","Calle de Alcalá 360","40.4351","-3.64389","2","0"
"acc_4_78_223","Calle de Alcalá 387","40.43608","-3.64215","2","0"
"acc_4_78_224","Calle de Alcalá 380","40.43607","-3.64181","2","0"
"acc_4_78_225","Calle de Alcalá 378","40.43593","-3.64211","2","0"
"acc_4_79_226","Calle de Alcalá 306","40.4329","-3.64916","2","0"
"acc_4_79_227","Calle de Alcalá 333","40.43307","-3.64911","2","0"
"acc_4_79_228","Calle de Alcalá 328","40.43358","-3.64696","2","0"
"acc_4_79_229","Calle de la Virgen del Sagrario 3","40.43368","-3.64754","2","0"
"acc_4_7_20","Calle de Ríos Rosas 24","40.44189","-3.70113","2","0"
"acc_4_7_21","Calle de Ríos Rosas 19","40.44203","-3.7011","2","0"
"acc_4_7_22","Calle de Santa Engracia 120 A","40.44052","-3.70127","2","0"
"acc_4_80_230","Calle de Alcalá 246","40.43201","-3.6556","2","0"
"acc_4_80_231","Calle del Alcalde López Casero 2","40.43244","-3.65538","2","0"
"acc_4_80_232","Calle de Alcalá 234","40.43176","-3.65739","2","0"
"acc_4_80_233","Calle de Alcalá 261 B","40.4319","-3.65744","2","0"
"acc_4_83_239","Calle de Velazquez 92","40.43281","-3.68313","2","0"
"acc_4_83_240","Calle de Nuñez de Balboa 85","40.43277","-3.6823","2","0"
"acc_4_83_242","Plaza del Marqués de Salamanca 10","40.42974","-3.67935","2","0"
"acc_4_84_243","Gta de Rubén Darío 4","40.43276","-3.69097","2","0"
"acc_4_84_244","Gta de Rubén Darío 3","40.43318","-3.691","2","0"
"acc_4_84_245","Paseo de la Castellana 35","40.4333","-3.68873","2","0"
"acc_4_86_246","Plaza de Chueca 4","40.42263","-3.69767","2","0"
"acc_4_8_23","Paseo del General Martínez Campos 1","40.43506","-3.6982","2","0"
"acc_4_8_24","Calle de Santa Engracia 58","40.43475","-3.69853","2","0"
"acc_4_8_25","Calle de Santa Engracia 61","40.43389","-3.6984","2","0"
"acc_4_8_26","Calle de Eloy Gonzalo 38","40.43472","-3.69924","2","0"
"acc_4_8_27","Calle de Eloy Gonzalo 35","40.4349","-3.69932","2","0"
"acc_4_8_774","Gta del Pintor Sorolla 5","40.43507","-3.69846","2","0"
"acc_4_8_775","Gta del Pintor Sorolla 1","40.43479","-3.69896","2","0"
"acc_4_90_247","Calle de Toledo 56","40.41108","-3.70868","2","0"
"acc_4_90_248","Calle de toledo 65","40.41113","-3.70813","2","0"
"acc_4_90_249","Calle de Toledo 52 A","40.41166","-3.70821","2","0"
"acc_4_91_250","Gta de Puerta de Toledo 1","40.40681","-3.71087","2","0"
"acc_4_92_251","Paseo de la Esperanza 2 A","40.40376","-3.70656","2","0"
"acc_4_93_252","Paseo de las Acacias 58","40.40157","-3.71285","2","0"
"acc_4_93_253","Paseo de las Acacias 61 B","40.40143","-3.71269","2","0"
"acc_4_93_255","Plaza de Ortega y Munilla SN","40.40258","-3.71136","2","0"
"acc_4_93_256","Plaza de Ortega y Munilla SN","40.40254","-3.71138","2","0"
"acc_4_94_257","Gta del Marqués de Vadillo 5","40.3973","-3.71607","2","0"
"acc_4_94_258","Gta del Marqués de Vadillo 6","40.39766","-3.71638","2","0"
"acc_4_95_259","Calle del General Ricardos 104","40.39265","-3.72533","2","0"
"acc_4_95_260","Calle del General Ricardos 85","40.39365","-3.7231","2","0"
"acc_4_95_261","Calle del Camino Viejo de Leganés 1","40.3933","-3.72363","2","0"
"acc_4_95_262","Calle del General Ricardos 80","40.39353","-3.7237","2","0"
"acc_4_96_263","Gta del Valle de Oro 13","40.38844","-3.73127","2","0"
"acc_4_96_264","Calle del General Ricardos 164","40.38865","-3.73171","2","0"
"acc_4_96_265","Calle del General Ricardos 148 A","40.38987","-3.72985","2","0"
"acc_4_96_266","Calle del General Ricardos 143","40.38975","-3.72973","2","0"
"acc_4_97_267","Calle de la Oca 69","40.38869","-3.73993","2","0"
"acc_4_97_268","Calle de la Oca 43","40.38929","-3.73754","2","0"
"acc_4_98_269","Gta del Ejército SN","40.3879","-3.74485","2","0"
"acc_4_99_270","Calle de Ocaña 70","40.38476","-3.75058","2","0"
"acc_4_9_28","Gta de Bilbao 5","40.42926","-3.70193","2","0"
"acc_4_9_29","Gta de Bilbao 2","40.4291","-3.70164","2","0"
"acc_4_9_30","Gta de Bilbao 7","40.42876","-3.70206","2","0"
"acc_4_9_31","Calle de Luchana 22","40.43029","-3.70023","2","0"
"acc_4_9_32","Calle de Luchana 21","40.4305","-3.7003","2","0"
"acc_4_9_33","Calle de Luchana 23","40.43089","-3.69983","2","0"
"est_4_10","","40.42619","-3.7011","1","0"
"est_4_101","","40.39057","-3.76535","1","2"
"est_4_102","","40.39481","-3.76813","1","0"
"est_4_103","","40.40324","-3.76101","1","2"
"est_4_104","","40.39923","-3.74429","1","0"
"est_4_105","","40.3927","-3.74099","1","0"
"est_4_107","","40.3869","-3.72313","1","0"
"est_4_109","","40.3871","-3.7069","1","0"
"est_4_11","","40.42001","-3.7018","1","0"
"est_4_113","","40.40697","-3.67041","1","2"
"est_4_114","","40.41507","-3.66951","1","0"
"est_4_115","","40.42289","-3.6686","1","0"
"est_4_119","","40.44379","-3.68406","1","0"
"est_4_122","","40.44637","-3.71229","1","2"
"est_4_123","","40.44644","-3.71943","1","0"
"est_4_124","","40.44356","-3.72678","1","2"
"est_4_128","","40.4139","-3.72724","1","0"
"est_4_129","","40.40993","-3.73894","1","0"
"est_4_13","","40.41235","-3.70466","1","0"
"est_4_130","","40.4051","-3.74534","1","2"
"est_4_132","","40.43299","-3.60788","1","0"
"est_4_133","","40.42799","-3.61547","1","0"
"est_4_134","","40.42799","-3.62572","1","0"
"est_4_135","","40.42842","-3.6333","1","0"
"est_4_136","","40.43021","-3.64106","1","0"
"est_4_138","","40.4391","-3.652","1","0"
"est_4_139","","40.43945","-3.66297","1","0"
"est_4_14","","40.41246","-3.69937","1","0"
"est_4_140","","40.43934","-3.67215","1","0"
"est_4_142","","40.43825","-3.69148","1","2"
"est_4_143","","40.43838","-3.69925","1","2"
"est_4_145","","40.43907","-3.71373","1","2"
"est_4_147","","40.45648","-3.71239","1","2"
"est_4_148","","40.46482","-3.71597","1","2"
"est_4_149","","40.47022","-3.71769","1","2"
"est_4_15","","40.40885","-3.69249","1","0"
"est_4_150","","40.47592","-3.71582","1","0"
"est_4_151","","40.4801","-3.7184","1","2"
"est_4_152","","40.48502","-3.72305","1","2"
"est_4_154","","40.49511","-3.72589","1","2"
"est_4_156","","40.45634","-3.67682","1","2"
"est_4_158","","40.46389","-3.6162","1","2"
"est_4_160","","40.47577","-3.58253","1","2"
"est_4_161","","40.48466","-3.70751","1","0"
"est_4_162","","40.47689","-3.70316","1","0"
"est_4_163","","40.46944","-3.69588","1","0"
"est_4_165","","40.46763","-3.67917","1","0"
"est_4_166","","40.463","-3.67579","1","0"
"est_4_168","","40.45145","-3.67738","1","0"
"est_4_169","","40.44427","-3.67821","1","0"
"est_4_17","","40.40445","-3.68098","1","0"
"est_4_173","","40.41839","-3.67858","1","0"
"est_4_175","","40.41147","-3.66179","1","0"
"est_4_176","","40.41024","-3.65273","1","0"
"est_4_177","","40.40522","-3.64181","1","0"
"est_4_178","","40.40051","-3.63512","1","0"
"est_4_179","","40.40005","-3.62156","1","2"
"est_4_18","","40.40126","-3.67514","1","0"
"est_4_180","","40.40422","-3.60886","1","2"
"est_4_181","","40.40381","-3.60239","1","2"
"est_4_182","","40.40132","-3.59598","1","2"
"est_4_183","","40.36677","-3.54728","1","2"
"est_4_184","","40.32837","-3.5206","1","2"
"est_4_185","","40.31902","-3.47745","1","2"
"est_4_186","","40.30367","-3.44752","1","2"
"est_4_187","","40.49509","-3.69283","1","0"
"est_4_188","","40.48041","-3.68585","1","0"
"est_4_19","","40.39819","-3.66906","1","0"
"est_4_191","","40.45842","-3.68985","1","0"
"est_4_192","","40.45159","-3.69038","1","0"
"est_4_199","","40.41641","-3.73563","1","2"
"est_4_2","","40.46442","-3.69506","1","0"
"est_4_20","","40.39554","-3.66414","1","0"
"est_4_200","","40.40786","-3.75311","1","2"
"est_4_202","","40.39698","-3.77462","1","2"
"est_4_203","","40.37771","-3.79152","1","2"
"est_4_204","","40.34985","-3.8072","1","2"
"est_4_205","","40.34524","-3.81211","1","2"
"est_4_207","","40.38083","-3.7279","1","2"
"est_4_208","","40.37587","-3.73417","1","2"
"est_4_21","","40.39266","-3.65868","1","0"
"est_4_210","","40.34969","-3.8212","1","2"
"est_4_211","","40.35008","-3.83178","1","2"
"est_4_212","","40.34589","-3.84934","1","2"
"est_4_213","","40.33512","-3.87218","1","2"
"est_4_214","","40.3285","-3.86354","1","2"
"est_4_215","","40.32168","-3.86489","1","2"
"est_4_216","","40.31652","-3.87471","1","2"
"est_4_217","","40.30903","-3.86402","1","2"
"est_4_218","","40.29681","-3.83768","1","2"
"est_4_219","","40.28576","-3.81642","1","2"
"est_4_22","","40.39156","-3.65391","1","0"
"est_4_220","","40.28518","-3.80632","1","2"
"est_4_221","","40.28268","-3.79891","1","2"
"est_4_222","","40.28684","-3.78697","1","2"
"est_4_223","","40.28874","-3.75682","1","2"
"est_4_224","","40.29324","-3.74576","1","2"
"est_4_225","","40.30081","-3.73664","1","2"
"est_4_226","","40.30993","-3.73403","1","2"
"est_4_227","","40.3118","-3.72224","1","2"
"est_4_228","","40.31862","-3.70985","1","2"
"est_4_229","","40.32423","-3.7182","1","2"
"est_4_23","","40.38977","-3.64522","1","2"
"est_4_230","","40.32907","-3.72963","1","2"
"est_4_231","","40.33664","-3.74018","1","2"
"est_4_232","","40.33475","-3.75266","1","2"
"est_4_233","","40.3266","-3.75942","1","2"
"est_4_234","","40.32177","-3.76797","1","2"
"est_4_235","","40.32899","-3.77154","1","2"
"est_4_236","","40.33616","-3.77587","1","2"
"est_4_24","","40.38732","-3.63951","1","2"
"est_4_25","","40.38216","-3.62472","1","2"
"est_4_252","","40.45779","-3.58752","1","2"
"est_4_253","","40.45347","-3.59401","1","2"
"est_4_254","","40.3736","-3.7391","1","2"
"est_4_255","","40.372","-3.75191","1","2"
"est_4_256","","40.36422","-3.7569","1","2"
"est_4_257","","40.38364","-3.78392","1","2"
"est_4_258","","40.468","-3.64867","1","2"
"est_4_259","","40.3931","-3.68864","1","2"
"est_4_26","","40.3796","-3.6213","1","2"
"est_4_260","","40.42662","-3.65052","1","2"
"est_4_262","","40.47682","-3.67637","1","2"
"est_4_263","","40.48014","-3.6668","1","2"
"est_4_264","","40.47537","-3.65257","1","2"
"est_4_265","","40.47687","-3.6629","1","2"
"est_4_267","","40.38409","-3.69788","1","2"
"est_4_268","","40.37503","-3.69585","1","2"
"est_4_269","","40.36999","-3.69418","1","2"
"est_4_27","","40.37238","-3.61884","1","2"
"est_4_270","","40.35959","-3.69363","1","2"
"est_4_271","","40.35089","-3.69265","1","2"
"est_4_272","","40.34154","-3.69318","1","2"
"est_4_273","","40.34123","-3.71199","1","2"
"est_4_274","","40.5012","-3.6952","1","2"
"est_4_275","","40.50525","-3.69575","1","2"
"est_4_276","","40.50833","-3.66944","1","2"
"est_4_277","","40.51553","-3.66277","1","2"
"est_4_278","","40.5276","-3.65859","1","2"
"est_4_279","","40.53196","-3.63556","1","2"
"est_4_28","","40.43088","-3.66366","1","0"
"est_4_280","","40.54102","-3.63738","1","2"
"est_4_281","","40.55048","-3.64688","1","2"
"est_4_282","","40.55442","-3.63513","1","2"
"est_4_283","","40.55037","-3.6234","1","2"
"est_4_284","","40.55977","-3.61145","1","2"
"est_4_286","","40.43339","-3.60015","1","2"
"est_4_287","","40.4225","-3.56919","1","2"
"est_4_288","","40.42374","-3.56119","1","2"
"est_4_289","","40.42514","-3.54792","1","2"
"est_4_29","","40.4279","-3.66926","1","0"
"est_4_290","","40.42441","-3.53541","1","2"
"est_4_291","","40.42295","-3.52549","1","2"
"est_4_292","","40.41777","-3.52718","1","2"
"est_4_293","","40.37019","-3.61346","1","2"
"est_4_294","","40.36323","-3.59953","1","2"
"est_4_295","","40.36007","-3.59316","1","2"
"est_4_296","","40.41761","-3.53453","1","2"
"est_4_3","","40.46055","-3.69825","1","0"
"est_4_30","","40.42455","-3.67591","1","2"
"est_4_300","","40.34134","-3.52479","1","2"
"est_4_305","","40.35795","-3.77783","1","0"
"est_4_31","","40.42294","-3.68012","1","0"
"est_4_32","","40.42031","-3.68624","1","0"
"est_4_322","","40.42361","-3.63914","1","0"
"est_4_323","","40.41829","-3.62351","1","0"
"est_4_324","","40.42239","-3.61206","1","0"
"est_4_325","","40.42375","-3.60331","1","0"
"est_4_326","","40.4911","-3.71634","1","0"
"est_4_33","","40.41922","-3.69497","1","0"
"est_4_34","","40.41805","-3.69925","1","0"
"est_4_345","","40.49965","-3.70908","1","0"
"est_4_36","","40.41809","-3.70942","1","0"
"est_4_37","","40.42132","-3.70796","1","0"
"est_4_39","","40.43001","-3.70557","1","0"
"est_4_4","","40.45429","-3.70302","1","0"
"est_4_40","","40.43322","-3.70433","1","0"
"est_4_41","","40.43841","-3.70433","1","2"
"est_4_43","","40.39116","-3.69511","1","2"
"est_4_44","","40.3999","-3.6942","1","2"
"est_4_45","","40.40307","-3.69423","1","2"
"est_4_46","","40.40513","-3.70268","1","2"
"est_4_47","","40.40851","-3.7009","1","2"
"est_4_49","","40.42014","-3.70566","1","2"
"est_4_5","","40.45033","-3.70331","1","0"
"est_4_50","","40.42342","-3.7112","1","2"
"est_4_51","","40.42709","-3.71341","1","2"
"est_4_52","","40.43066","-3.71596","1","0"
"est_4_57","","40.42772","-3.69594","1","0"
"est_4_58","","40.42542","-3.69101","1","0"
"est_4_59","","40.42543","-3.68663","1","0"
"est_4_6","","40.44697","-3.70397","1","2"
"est_4_60","","40.42503","-3.68292","1","0"
"est_4_62","","40.42917","-3.67541","1","0"
"est_4_63","","40.43468","-3.67495","1","0"
"est_4_65","","40.44419","-3.67482","1","0"
"est_4_66","","40.44825","-3.66791","1","0"
"est_4_67","","40.45354","-3.66118","1","0"
"est_4_68","","40.45583","-3.65618","1","0"
"est_4_69","","40.45945","-3.64582","1","0"
"est_4_7","","40.44198","-3.70133","1","0"
"est_4_70","","40.46381","-3.6356","1","2"
"est_4_71","","40.46943","-3.63832","1","2"
"est_4_72","","40.47447","-3.63958","1","2"
"est_4_73","","40.47711","-3.64524","1","2"
"est_4_74","","40.44942","-3.60816","1","0"
"est_4_75","","40.44374","-3.61699","1","0"
"est_4_76","","40.44085","-3.62684","1","0"
"est_4_77","","40.43805","-3.63816","1","0"
"est_4_78","","40.43569","-3.64282","1","0"
"est_4_79","","40.43358","-3.64736","1","0"
"est_4_8","","40.43492","-3.69898","1","2"
"est_4_80","","40.43189","-3.65757","1","0"
"est_4_83","","40.43278","-3.68258","1","0"
"est_4_84","","40.43316","-3.68954","1","0"
"est_4_86","","40.42293","-3.69762","1","0"
"est_4_9","","40.42906","-3.70218","1","0"
"est_4_90","","40.41128","-3.70816","1","0"
"est_4_91","","40.40704","-3.71105","1","0"
"est_4_93","","40.4026","-3.71138","1","2"
"est_4_94","","40.39736","-3.71596","1","0"
"est_4_95","","40.39335","-3.7236","1","0"
"est_4_96","","40.38846","-3.73132","1","0"
"est_4_97","","40.38885","-3.73982","1","0"
"est_4_98","","40.38783","-3.74487","1","0"
"est_4_99","","40.38439","-3.75121","1","2"
"est_90_1","Calle de Valmojado 293","40.38563","-3.76085","1","0"
"est_90_13","Calle del Ombu 16","40.39538","-3.67819","1","0"
"est_90_14","Plaza de la Moncloa 1","40.43523","-3.71919","1","0"
"est_90_18","Paseo de la Florida 2","40.42107","-3.72037","1","0"
"est_90_21","Paseo de la Castellana 189","40.4669","-3.6892","1","0"
"est_90_25","Calle de Agustín de Foxá 40","40.4721","-3.68269","1","0"
"est_90_33","Ctra de Alcobendas a Barajas SN","40.49176","-3.59356","1","0"
"est_90_34","Avda de la Hispanidad SN","40.46864","-3.56965","1","0"
"est_90_36","Calle  Vía Lusitana 2","40.3846","-3.71848","1","0"
"est_90_4","Avda de América 9 A","40.43803","-3.67669","1","0"
"est_90_54","Avda de la Ciudad de Barcelona 2 B","40.40659","-3.68944","1","0"
"est_90_58","Plaza de la Puerta del Sol 6","40.41688","-3.70331","1","0"
"est_90_71","Calle de Raimundo Fernández Villaverde 67","40.44662","-3.69246","1","0"
"par_4_1","","40.4669","-3.68917","0","0"
"par_4_10","","40.42619","-3.7011","0","0"
"par_4_100","","40.38563","-3.7608","0","2"
"par_4_101","","40.39057","-3.76535","0","2"
"par_4_102","","40.39481","-3.76813","0","0"
"par_4_103","","40.40324","-3.76101","0","2"
"par_4_104","","40.39923","-3.74429","0","0"
"par_4_105","","40.3927","-3.74099","0","0"
"par_4_106","","40.38847","-3.73126","0","0"
"par_4_107","","40.3869","-3.72313","0","0"
"par_4_108","","40.3846","-3.71837","0","2"
"par_4_109","","40.3871","-3.7069","0","0"
"par_4_11","","40.42001","-3.7018","0","0"
"par_4_110","","40.39116","-3.69505","0","2"
"par_4_111","","40.39538","-3.67814","0","0"
"par_4_112","","40.40207","-3.67386","0","0"
"par_4_113","","40.40697","-3.67041","0","2"
"par_4_114","","40.41507","-3.66951","0","0"
"par_4_115","","40.42289","-3.6686","0","0"
"par_4_116","","40.4279","-3.66921","0","0"
"par_4_117","","40.43295","-3.67294","0","0"
"par_4_118","","40.43804","-3.67658","0","0"
"par_4_119","","40.44379","-3.68406","0","0"
"par_4_12","","40.41688","-3.70326","0","1"
"par_4_120","","40.44662","-3.69241","0","2"
"par_4_121","","40.44697","-3.70387","0","2"
"par_4_122","","40.44637","-3.71229","0","2"
"par_4_123","","40.44644","-3.71943","0","0"
"par_4_124","","40.44356","-3.72678","0","2"
"par_4_125","","40.43497","-3.71945","0","2"
"par_4_126","","40.43053","-3.71596","0","2"
"par_4_127","","40.42107","-3.72032","0","1"
"par_4_128","","40.4139","-3.72724","0","0"
"par_4_129","","40.40993","-3.73894","0","0"
"par_4_13","","40.41235","-3.70466","0","0"
"par_4_130","","40.4051","-3.74534","0","2"
"par_4_132","","40.43299","-3.60788","0","0"
"par_4_133","","40.42799","-3.61547","0","0"
"par_4_134","","40.42799","-3.62572","0","0"
"par_4_135","","40.42842","-3.6333","0","0"
"par_4_136","","40.43021","-3.64106","0","0"
"par_4_137","","40.43566","-3.64282","0","0"
"par_4_138","","40.4391","-3.652","0","0"
"par_4_139","","40.43945","-3.66297","0","0"
"par_4_14","","40.41246","-3.69937","0","0"
"par_4_140","","40.43934","-3.67215","0","0"
"par_4_141","","40.43804","-3.67653","0","0"
"par_4_142","","40.43825","-3.69148","0","2"
"par_4_143","","40.43838","-3.69925","0","2"
"par_4_144","","40.4387","-3.70489","0","2"
"par_4_145","","40.43907","-3.71373","0","2"
"par_4_146","","40.44633","-3.71229","0","2"
"par_4_147","","40.45648","-3.71239","0","2"
"par_4_148","","40.46482","-3.71597","0","2"
"par_4_149","","40.47022","-3.71769","0","2"
"par_4_15","","40.40885","-3.69249","0","0"
"par_4_150","","40.47592","-3.71582","0","0"
"par_4_151","","40.4801","-3.7184","0","2"
"par_4_152","","40.48502","-3.72305","0","2"
"par_4_154","","40.49511","-3.72589","0","2"
"par_4_155","","40.44655","-3.69241","0","2"
"par_4_156","","40.45634","-3.67682","0","2"
"par_4_157","","40.46938","-3.63832","0","2"
"par_4_158","","40.46389","-3.6162","0","2"
"par_4_159","","40.46864","-3.56954","0","2"
"par_4_16","","40.40659","-3.68938","0","2"
"par_4_160","","40.47577","-3.58253","0","2"
"par_4_161","","40.48466","-3.70751","0","0"
"par_4_162","","40.47689","-3.70316","0","0"
"par_4_163","","40.46944","-3.69588","0","0"
"par_4_164","","40.4669","-3.68913","0","0"
"par_4_165","","40.46763","-3.67917","0","0"
"par_4_166","","40.463","-3.67579","0","0"
"par_4_167","","40.45749","-3.67694","0","2"
"par_4_168","","40.45145","-3.67738","0","0"
"par_4_169","","40.44427","-3.67821","0","0"
"par_4_17","","40.40445","-3.68098","0","0"
"par_4_170","","40.43804","-3.67647","0","0"
"par_4_171","","40.43013","-3.67936","0","0"
"par_4_172","","40.42418","-3.68024","0","0"
"par_4_173","","40.41839","-3.67858","0","0"
"par_4_174","","40.41503","-3.66951","0","0"
"par_4_175","","40.41147","-3.66179","0","0"
"par_4_176","","40.41024","-3.65273","0","0"
"par_4_177","","40.40522","-3.64181","0","0"
"par_4_178","","40.40051","-3.63512","0","0"
"par_4_179","","40.40005","-3.62156","0","2"
"par_4_18","","40.40126","-3.67514","0","0"
"par_4_180","","40.40422","-3.60886","0","2"
"par_4_181","","40.40381","-3.60239","0","2"
"par_4_182","","40.40132","-3.59598","0","2"
"par_4_183","","40.36677","-3.54728","0","2"
"par_4_184","","40.32837","-3.5206","0","2"
"par_4_185","","40.31902","-3.47745","0","2"
"par_4_186","","40.30367","-3.44752","0","2"
"par_4_187","","40.49509","-3.69283","0","0"
"par_4_188","","40.48041","-3.68585","0","0"
"par_4_189","","40.4721","-3.68259","0","2"
"par_4_19","","40.39819","-3.66906","0","0"
"par_4_190","","40.4669","-3.68909","0","0"
"par_4_191","","40.45842","-3.68985","0","0"
"par_4_192","","40.45159","-3.69038","0","0"
"par_4_193","","40.44659","-3.69241","0","2"
"par_4_194","","40.43753","-3.69127","0","2"
"par_4_195","","40.42853","-3.69643","0","0"
"par_4_196","","40.426","-3.70208","0","0"
"par_4_197","","40.42409","-3.7097","0","2"
"par_4_198","","40.42103","-3.72033","0","1"
"par_4_199","","40.41641","-3.73563","0","2"
"par_4_2","","40.46442","-3.69506","0","0"
"par_4_20","","40.39554","-3.66414","0","0"
"par_4_200","","40.40786","-3.75311","0","2"
"par_4_201","","40.40321","-3.76101","0","2"
"par_4_202","","40.39698","-3.77462","0","2"
"par_4_203","","40.37771","-3.79152","0","2"
"par_4_204","","40.34985","-3.8072","0","2"
"par_4_205","","40.34524","-3.81211","0","2"
"par_4_206","","40.3846","-3.71825","0","2"
"par_4_207","","40.38083","-3.7279","0","2"
"par_4_208","","40.37587","-3.73417","0","2"
"par_4_209","","40.34543","-3.81249","0","2"
"par_4_21","","40.39266","-3.65868","0","0"
"par_4_210","","40.34969","-3.8212","0","2"
"par_4_211","","40.35008","-3.83178","0","2"
"par_4_212","","40.34589","-3.84934","0","2"
"par_4_213","","40.33512","-3.87218","0","2"
"par_4_214","","40.3285","-3.86354","0","2"
"par_4_215","","40.32168","-3.86489","0","2"
"par_4_216","","40.31652","-3.87471","0","2"
"par_4_217","","40.30903","-3.86402","0","2"
"par_4_218","","40.29681","-3.83768","0","2"
"par_4_219","","40.28576","-3.81642","0","2"
"par_4_22","","40.39156","-3.65391","0","0"
"par_4_220","","40.28518","-3.80632","0","2"
"par_4_221","","40.28268","-3.79891","0","2"
"par_4_222","","40.28684","-3.78697","0","2"
"par_4_223","","40.28874","-3.75682","0","2"
"par_4_224","","40.29324","-3.74576","0","2"
"par_4_225","","40.30081","-3.73664","0","2"
"par_4_226","","40.30993","-3.73403","0","2"
"par_4_227","","40.3118","-3.72224","0","2"
"par_4_228","","40.31862","-3.70985","0","2"
"par_4_229","","40.32423","-3.7182","0","2"
"par_4_23","","40.38977","-3.64522","0","2"
"par_4_230","","40.32907","-3.72963","0","2"
"par_4_231","","40.33664","-3.74018","0","2"
"par_4_232","","40.33475","-3.75266","0","2"
"par_4_233","","40.3266","-3.75942","0","2"
"par_4_234","","40.32177","-3.76797","0","2"
"par_4_235","","40.32899","-3.77154","0","2"
"par_4_236","","40.33616","-3.77587","0","2"
"par_4_237","","40.41809","-3.70928","0","0"
"par_4_238","","40.42099","-3.72033","0","1"
"par_4_24","","40.38732","-3.63951","0","2"
"par_4_25","","40.38216","-3.62472","0","2"
"par_4_252","","40.45779","-3.58752","0","2"
"par_4_253","","40.45347","-3.59401","0","2"
"par_4_254","","40.3736","-3.7391","0","2"
"par_4_255","","40.372","-3.75191","0","2"
"par_4_256","","40.36422","-3.7569","0","2"
"par_4_257","","40.38364","-3.78392","0","2"
"par_4_258","","40.468","-3.64867","0","2"
"par_4_259","","40.3931","-3.68864","0","2"
"par_4_26","","40.3796","-3.6213","0","2"
"par_4_260","","40.42662","-3.65052","0","2"
"par_4_261","","40.47203","-3.68259","0","2"
"par_4_262","","40.47682","-3.67637","0","2"
"par_4_263","","40.48014","-3.6668","0","2"
"par_4_264","","40.47537","-3.65257","0","2"
"par_4_265","","40.47687","-3.6629","0","2"
"par_4_266","","40.48014","-3.66676","0","2"
"par_4_267","","40.38409","-3.69788","0","2"
"par_4_268","","40.37503","-3.69585","0","2"
"par_4_269","","40.36999","-3.69418","0","2"
"par_4_27","","40.37238","-3.61884","0","2"
"par_4_270","","40.35959","-3.69363","0","2"
"par_4_271","","40.35089","-3.69265","0","2"
"par_4_272","","40.34154","-3.69318","0","2"
"par_4_273","","40.34123","-3.71199","0","2"
"par_4_274","","40.5012","-3.6952","0","2"
"par_4_275","","40.50525","-3.69575","0","2"
"par_4_276","","40.50833","-3.66944","0","2"
"par_4_277","","40.51553","-3.66277","0","2"
"par_4_278","","40.5276","-3.65859","0","2"
"par_4_279","","40.53196","-3.63556","0","2"
"par_4_28","","40.43088","-3.66366","0","0"
"par_4_280","","40.54102","-3.63738","0","2"
"par_4_281","","40.55048","-3.64688","0","2"
"par_4_282","","40.55442","-3.63513","0","2"
"par_4_283","","40.55037","-3.6234","0","2"
"par_4_284","","40.55977","-3.61145","0","2"
"par_4_285","","40.49177","-3.59325","0","2"
"par_4_286","","40.43339","-3.60015","0","2"
"par_4_287","","40.4225","-3.56919","0","2"
"par_4_288","","40.42374","-3.56119","0","2"
"par_4_289","","40.42514","-3.54792","0","2"
"par_4_29","","40.4279","-3.66926","0","0"
"par_4_290","","40.42441","-3.53541","0","2"
"par_4_291","","40.42295","-3.52549","0","2"
"par_4_292","","40.41777","-3.52718","0","2"
"par_4_293","","40.37019","-3.61346","0","2"
"par_4_294","","40.36323","-3.59953","0","2"
"par_4_295","","40.36007","-3.59316","0","2"
"par_4_296","","40.41761","-3.53453","0","2"
"par_4_3","","40.46055","-3.69825","0","0"
"par_4_30","","40.42455","-3.67591","0","2"
"par_4_300","","40.34134","-3.52479","0","2"
"par_4_305","","40.35795","-3.77783","0","0"
"par_4_31","","40.42294","-3.68012","0","0"
"par_4_32","","40.42031","-3.68624","0","0"
"par_4_322","","40.42361","-3.63914","0","0"
"par_4_323","","40.41829","-3.62351","0","0"
"par_4_324","","40.42239","-3.61206","0","0"
"par_4_325","","40.42375","-3.60331","0","0"
"par_4_326","","40.4911","-3.71634","0","0"
"par_4_33","","40.41922","-3.69497","0","0"
"par_4_34","","40.41805","-3.69925","0","0"
"par_4_345","","40.49965","-3.70908","0","0"
"par_4_35","","40.41685","-3.70326","0","1"
"par_4_36","","40.41809","-3.70942","0","0"
"par_4_37","","40.42132","-3.70796","0","0"
"par_4_38","","40.42484","-3.70742","0","0"
"par_4_39","","40.43001","-3.70557","0","0"
"par_4_4","","40.45429","-3.70302","0","0"
"par_4_40","","40.43322","-3.70433","0","0"
"par_4_41","","40.43841","-3.70433","0","2"
"par_4_42","","40.44697","-3.70392","0","2"
"par_4_43","","40.39116","-3.69511","0","2"
"par_4_44","","40.3999","-3.6942","0","2"
"par_4_45","","40.40307","-3.69423","0","2"
"par_4_46","","40.40513","-3.70268","0","2"
"par_4_47","","40.40851","-3.7009","0","2"
"par_4_48","","40.41682","-3.70326","0","1"
"par_4_49","","40.42014","-3.70566","0","2"
"par_4_5","","40.45033","-3.70331","0","0"
"par_4_50","","40.42342","-3.7112","0","2"
"par_4_51","","40.42709","-3.71341","0","2"
"par_4_52","","40.43066","-3.71596","0","0"
"par_4_53","","40.43502","-3.71945","0","2"
"par_4_54","","40.4306","-3.71596","0","0"
"par_4_55","","40.42966","-3.70567","0","0"
"par_4_56","","40.42885","-3.70114","0","0"
"par_4_57","","40.42772","-3.69594","0","0"
"par_4_58","","40.42542","-3.69101","0","0"
"par_4_59","","40.42543","-3.68663","0","0"
"par_4_6","","40.44697","-3.70397","0","2"
"par_4_60","","40.42503","-3.68292","0","0"
"par_4_61","","40.42481","-3.67685","0","2"
"par_4_62","","40.42917","-3.67541","0","0"
"par_4_63","","40.43468","-3.67495","0","0"
"par_4_64","","40.43803","-3.67664","0","0"
"par_4_65","","40.44419","-3.67482","0","0"
"par_4_66","","40.44825","-3.66791","0","0"
"par_4_67","","40.45354","-3.66118","0","0"
"par_4_68","","40.45583","-3.65618","0","0"
"par_4_69","","40.45945","-3.64582","0","0"
"par_4_7","","40.44198","-3.70133","0","0"
"par_4_70","","40.46381","-3.6356","0","2"
"par_4_71","","40.46943","-3.63832","0","2"
"par_4_72","","40.47447","-3.63958","0","2"
"par_4_73","","40.47711","-3.64524","0","2"
"par_4_74","","40.44942","-3.60816","0","0"
"par_4_75","","40.44374","-3.61699","0","0"
"par_4_76","","40.44085","-3.62684","0","0"
"par_4_77","","40.43805","-3.63816","0","0"
"par_4_78","","40.43569","-3.64282","0","0"
"par_4_79","","40.43358","-3.64736","0","0"
"par_4_8","","40.43492","-3.69898","0","2"
"par_4_80","","40.43189","-3.65757","0","0"
"par_4_81","","40.43088","-3.66361","0","0"
"par_4_82","","40.43235","-3.67426","0","0"
"par_4_83","","40.43278","-3.68258","0","0"
"par_4_84","","40.43316","-3.68954","0","0"
"par_4_85","","40.42828","-3.69502","0","0"
"par_4_86","","40.42293","-3.69762","0","0"
"par_4_87","","40.41999","-3.7018","0","0"
"par_4_88","","40.42008","-3.70566","0","2"
"par_4_89","","40.41809","-3.70935","0","0"
"par_4_9","","40.42906","-3.70218","0","0"
"par_4_90","","40.41128","-3.70816","0","0"
"par_4_91","","40.40704","-3.71105","0","0"
"par_4_92","","40.40387","-3.70664","0","0"
"par_4_93","","40.4026","-3.71138","0","2"
"par_4_94","","40.39736","-3.71596","0","0"
"par_4_95","","40.39335","-3.7236","0","0"
"par_4_96","","40.38846","-3.73132","0","0"
"par_4_97","","40.38885","-3.73982","0","0"
"par_4_98","","40.38783","-3.74487","0","0"
"par_4_99","","40.38439","-3.75121","0","2"
