"nr","name"
"1","Ruggiero-Delane"
"10","Shareese-Amaya"
"100","Bolemila-Settan"
"1000","Walaka-Philippus"
"10000","Hjrdis-Sofu"
"10001","Fina-Yulya"
"10002","Hoshiyo-Dieta"
"10003","Damocles-Hephaestus"
"10004","Dubravka"
"10005","Davine-Reynaldo"
"10006","Jaedyn-Briana"
"10007","Tina-Erasmo"
"10008","Toshikazu-Ailsa"
"10009","Yuma-Reshaunda"
"1001","Teri-Manu"
"10010","Courtney-Clea"
"10011","Rai"
"10012","Raya-Felicidad"
"10013","Vasilisa"
"10014","Toshiyuki-Bernicia"
"10015","Endora-Winand"
"10016","Fikri-Epistima"
"10017","Chaba"
"10018","Tangi-Taree"
"10019","Lavernus-Athanasios"
"1002","Eskama-Stella"
"10020","Aasiya-Anokhi"
"10021","Kynthia-Malin"
"10022","Fiammetta"
"10023","Muzaina-Zerro"
"10024","Zinaida-Galata"
"10025","Lonny-Yaeko"
"10026","Kirtana-Rashaa"
"10027","Ghaamid-Troika"
"10028","Eiladar"
"10029","Alasa-Onoslava"
"1003","Anaximnis-Ghaali"
"10030","Laurentius-Drystan"
"10031","Chester-Tomoaki"
"10032","Zuhra-Jameela"
"10033","Rajmund-Raphal"
"10034","Shobi"
"10035","Aurek-Tantalus"
"10036","Tessai-Ludwiga"
"10037","Fvi-Oko"
"10038","Lenusy-Desiderio"
"10039","Rhys"
"1004","Giacoma-Luisella"
"10040","Everardo-Yo"
"10041","Madina"
"10042","Iwona-Aasim"
"10043","Balthasar-Maon"
"10044","Epistima"
"10045","Ganna-Uriana"
"10046","Ciera"
"10047","Machna-Feoklita"
"10048","Vanesa"
"10049","Eloise-Erendira"
"1005","Lauren"
"10050","Idas-Seweryn"
"10051","Gayatri-Chandelle"
"10052","Mayyaada-Homar"
"10053","Koppu-Deo"
"10054","Dalibora-Joy"
"10055","Isa"
"10056","Illinya-Hodawa"
"10057","Raaji-Panos"
"10058","Abha-Marihito"
"10059","Kenya-Jeremy"
"1006","Edouard-Diokles"
"10060","Cylver"
"10061","Faraj-Nao"
"10062","Natalka-Hamza"
"10063","Sahsha-Nadyuiska"
"10064","Gener-Bona"
"10065","Jorenr-Rodrigo"
"10066","Utako-Linfa"
"10067","Nadyenka-Gebhard"
"10068","Ison-Britta"
"10069","Konrad"
"1007","Clint-Rubaina"
"10070","LTanga-DaJuan"
"10071","Wene-Calla"
"10072","Avgusta-Adras"
"10073","Samir-Sayers"
"10074","Manasa-Franja"
"10075","Rafael-Warren"
"10076","Ustenia-Yunosuke"
"10077","Shakeel-Haafiza"
"10078","Evan-Aman"
"10079","Giorgio-Ignacio"
"1008","Earlena-Fokina"
"10080","Luisa-Kumiko"
"10081","Britta-Mayuko"
"10082","Karma-Seishisai"
"10083","Gabrielle-Jesusa"
"10084","Evseviia"
"10085","Trent-Briona"
"10086","Hilka-Cinnia"
